Provincias de destino;Procedencia de los viajeros;Meses;Total
02 Albacete;Total;Total;250.026
02 Albacete;Total;Enero;10.643
02 Albacete;Total;Febrero;14.001
02 Albacete;Total;Marzo;19.716
02 Albacete;Total;Abril;15.381
02 Albacete;Total;Mayo;14.848
02 Albacete;Total;Junio;17.469
02 Albacete;Total;Julio;31.584
02 Albacete;Total;Agosto;52.092
02 Albacete;Total;Septiembre;16.992
02 Albacete;Total;Octubre;15.791
02 Albacete;Total;Noviembre;15.430
02 Albacete;Total;Diciembre;26.079
02 Albacete;Residentes en España;Total;248.241
02 Albacete;Residentes en España;Enero;10.406
02 Albacete;Residentes en España;Febrero;13.921
02 Albacete;Residentes en España;Marzo;19.611
02 Albacete;Residentes en España;Abril;15.295
02 Albacete;Residentes en España;Mayo;14.577
02 Albacete;Residentes en España;Junio;17.442
02 Albacete;Residentes en España;Julio;31.184
02 Albacete;Residentes en España;Agosto;51.971
02 Albacete;Residentes en España;Septiembre;16.906
02 Albacete;Residentes en España;Octubre;15.699
02 Albacete;Residentes en España;Noviembre;15.335
02 Albacete;Residentes en España;Diciembre;25.893
02 Albacete;No residentes en España;Total;1.785
02 Albacete;No residentes en España;Enero;237
02 Albacete;No residentes en España;Febrero;79
02 Albacete;No residentes en España;Marzo;105
02 Albacete;No residentes en España;Abril;86
02 Albacete;No residentes en España;Mayo;271
02 Albacete;No residentes en España;Junio;27
02 Albacete;No residentes en España;Julio;400
02 Albacete;No residentes en España;Agosto;120
02 Albacete;No residentes en España;Septiembre;85
02 Albacete;No residentes en España;Octubre;93
02 Albacete;No residentes en España;Noviembre;96
02 Albacete;No residentes en España;Diciembre;186
03 Alicante/Alacant;Total;Total;134.243
03 Alicante/Alacant;Total;Enero;5.458
03 Alicante/Alacant;Total;Febrero;8.120
03 Alicante/Alacant;Total;Marzo;10.410
03 Alicante/Alacant;Total;Abril;9.619
03 Alicante/Alacant;Total;Mayo;12.189
03 Alicante/Alacant;Total;Junio;11.413
03 Alicante/Alacant;Total;Julio;16.464
03 Alicante/Alacant;Total;Agosto;21.531
03 Alicante/Alacant;Total;Septiembre;10.601
03 Alicante/Alacant;Total;Octubre;11.578
03 Alicante/Alacant;Total;Noviembre;7.169
03 Alicante/Alacant;Total;Diciembre;9.691
03 Alicante/Alacant;Residentes en España;Total;97.362
03 Alicante/Alacant;Residentes en España;Enero;4.147
03 Alicante/Alacant;Residentes en España;Febrero;6.107
03 Alicante/Alacant;Residentes en España;Marzo;7.979
03 Alicante/Alacant;Residentes en España;Abril;6.438
03 Alicante/Alacant;Residentes en España;Mayo;8.373
03 Alicante/Alacant;Residentes en España;Junio;8.318
03 Alicante/Alacant;Residentes en España;Julio;12.560
03 Alicante/Alacant;Residentes en España;Agosto;16.736
03 Alicante/Alacant;Residentes en España;Septiembre;7.022
03 Alicante/Alacant;Residentes en España;Octubre;6.447
03 Alicante/Alacant;Residentes en España;Noviembre;5.003
03 Alicante/Alacant;Residentes en España;Diciembre;8.233
03 Alicante/Alacant;No residentes en España;Total;36.882
03 Alicante/Alacant;No residentes en España;Enero;1.311
03 Alicante/Alacant;No residentes en España;Febrero;2.014
03 Alicante/Alacant;No residentes en España;Marzo;2.431
03 Alicante/Alacant;No residentes en España;Abril;3.181
03 Alicante/Alacant;No residentes en España;Mayo;3.816
03 Alicante/Alacant;No residentes en España;Junio;3.095
03 Alicante/Alacant;No residentes en España;Julio;3.904
03 Alicante/Alacant;No residentes en España;Agosto;4.796
03 Alicante/Alacant;No residentes en España;Septiembre;3.580
03 Alicante/Alacant;No residentes en España;Octubre;5.131
03 Alicante/Alacant;No residentes en España;Noviembre;2.166
03 Alicante/Alacant;No residentes en España;Diciembre;1.458
04 Almería;Total;Total;91.451
04 Almería;Total;Enero;2.716
04 Almería;Total;Febrero;4.040
04 Almería;Total;Marzo;6.329
04 Almería;Total;Abril;6.178
04 Almería;Total;Mayo;6.025
04 Almería;Total;Junio;7.541
04 Almería;Total;Julio;11.673
04 Almería;Total;Agosto;22.050
04 Almería;Total;Septiembre;11.005
04 Almería;Total;Octubre;5.687
04 Almería;Total;Noviembre;3.347
04 Almería;Total;Diciembre;4.861
04 Almería;Residentes en España;Total;58.891
04 Almería;Residentes en España;Enero;1.997
04 Almería;Residentes en España;Febrero;2.399
04 Almería;Residentes en España;Marzo;4.139
04 Almería;Residentes en España;Abril;2.780
04 Almería;Residentes en España;Mayo;3.240
04 Almería;Residentes en España;Junio;4.981
04 Almería;Residentes en España;Julio;8.171
04 Almería;Residentes en España;Agosto;15.704
04 Almería;Residentes en España;Septiembre;6.545
04 Almería;Residentes en España;Octubre;2.624
04 Almería;Residentes en España;Noviembre;2.266
04 Almería;Residentes en España;Diciembre;4.046
04 Almería;No residentes en España;Total;32.560
04 Almería;No residentes en España;Enero;719
04 Almería;No residentes en España;Febrero;1.641
04 Almería;No residentes en España;Marzo;2.190
04 Almería;No residentes en España;Abril;3.398
04 Almería;No residentes en España;Mayo;2.786
04 Almería;No residentes en España;Junio;2.560
04 Almería;No residentes en España;Julio;3.502
04 Almería;No residentes en España;Agosto;6.346
04 Almería;No residentes en España;Septiembre;4.460
04 Almería;No residentes en España;Octubre;3.063
04 Almería;No residentes en España;Noviembre;1.081
04 Almería;No residentes en España;Diciembre;815
01 Araba/Álava;Total;Total;91.604
01 Araba/Álava;Total;Enero;2.153
01 Araba/Álava;Total;Febrero;2.492
01 Araba/Álava;Total;Marzo;7.815
01 Araba/Álava;Total;Abril;5.876
01 Araba/Álava;Total;Mayo;7.671
01 Araba/Álava;Total;Junio;8.290
01 Araba/Álava;Total;Julio;11.001
01 Araba/Álava;Total;Agosto;15.700
01 Araba/Álava;Total;Septiembre;8.316
01 Araba/Álava;Total;Octubre;8.437
01 Araba/Álava;Total;Noviembre;6.864
01 Araba/Álava;Total;Diciembre;6.991
01 Araba/Álava;Residentes en España;Total;69.402
01 Araba/Álava;Residentes en España;Enero;1.895
01 Araba/Álava;Residentes en España;Febrero;1.886
01 Araba/Álava;Residentes en España;Marzo;6.884
01 Araba/Álava;Residentes en España;Abril;4.584
01 Araba/Álava;Residentes en España;Mayo;5.799
01 Araba/Álava;Residentes en España;Junio;6.078
01 Araba/Álava;Residentes en España;Julio;7.246
01 Araba/Álava;Residentes en España;Agosto;11.251
01 Araba/Álava;Residentes en España;Septiembre;5.371
01 Araba/Álava;Residentes en España;Octubre;6.507
01 Araba/Álava;Residentes en España;Noviembre;5.776
01 Araba/Álava;Residentes en España;Diciembre;6.124
01 Araba/Álava;No residentes en España;Total;22.203
01 Araba/Álava;No residentes en España;Enero;257
01 Araba/Álava;No residentes en España;Febrero;606
01 Araba/Álava;No residentes en España;Marzo;931
01 Araba/Álava;No residentes en España;Abril;1.292
01 Araba/Álava;No residentes en España;Mayo;1.871
01 Araba/Álava;No residentes en España;Junio;2.212
01 Araba/Álava;No residentes en España;Julio;3.755
01 Araba/Álava;No residentes en España;Agosto;4.448
01 Araba/Álava;No residentes en España;Septiembre;2.945
01 Araba/Álava;No residentes en España;Octubre;1.930
01 Araba/Álava;No residentes en España;Noviembre;1.088
01 Araba/Álava;No residentes en España;Diciembre;867
33 Asturias;Total;Total;929.320
33 Asturias;Total;Enero;12.947
33 Asturias;Total;Febrero;14.305
33 Asturias;Total;Marzo;59.435
33 Asturias;Total;Abril;34.740
33 Asturias;Total;Mayo;60.702
33 Asturias;Total;Junio;68.864
33 Asturias;Total;Julio;186.044
33 Asturias;Total;Agosto;271.175
33 Asturias;Total;Septiembre;99.055
33 Asturias;Total;Octubre;47.930
33 Asturias;Total;Noviembre;35.792
33 Asturias;Total;Diciembre;38.330
33 Asturias;Residentes en España;Total;793.084
33 Asturias;Residentes en España;Enero;11.598
33 Asturias;Residentes en España;Febrero;12.502
33 Asturias;Residentes en España;Marzo;50.745
33 Asturias;Residentes en España;Abril;27.274
33 Asturias;Residentes en España;Mayo;47.442
33 Asturias;Residentes en España;Junio;52.781
33 Asturias;Residentes en España;Julio;163.873
33 Asturias;Residentes en España;Agosto;247.259
33 Asturias;Residentes en España;Septiembre;79.669
33 Asturias;Residentes en España;Octubre;38.790
33 Asturias;Residentes en España;Noviembre;28.146
33 Asturias;Residentes en España;Diciembre;33.003
33 Asturias;No residentes en España;Total;136.236
33 Asturias;No residentes en España;Enero;1.349
33 Asturias;No residentes en España;Febrero;1.803
33 Asturias;No residentes en España;Marzo;8.690
33 Asturias;No residentes en España;Abril;7.466
33 Asturias;No residentes en España;Mayo;13.260
33 Asturias;No residentes en España;Junio;16.083
33 Asturias;No residentes en España;Julio;22.171
33 Asturias;No residentes en España;Agosto;23.915
33 Asturias;No residentes en España;Septiembre;19.386
33 Asturias;No residentes en España;Octubre;9.139
33 Asturias;No residentes en España;Noviembre;7.646
33 Asturias;No residentes en España;Diciembre;5.327
05 Ávila;Total;Total;316.501
05 Ávila;Total;Enero;9.083
05 Ávila;Total;Febrero;17.545
05 Ávila;Total;Marzo;28.590
05 Ávila;Total;Abril;17.741
05 Ávila;Total;Mayo;23.775
05 Ávila;Total;Junio;24.461
05 Ávila;Total;Julio;43.665
05 Ávila;Total;Agosto;52.801
05 Ávila;Total;Septiembre;24.125
05 Ávila;Total;Octubre;23.188
05 Ávila;Total;Noviembre;22.537
05 Ávila;Total;Diciembre;28.991
05 Ávila;Residentes en España;Total;302.288
05 Ávila;Residentes en España;Enero;8.652
05 Ávila;Residentes en España;Febrero;13.362
05 Ávila;Residentes en España;Marzo;26.370
05 Ávila;Residentes en España;Abril;17.113
05 Ávila;Residentes en España;Mayo;22.793
05 Ávila;Residentes en España;Junio;24.039
05 Ávila;Residentes en España;Julio;42.025
05 Ávila;Residentes en España;Agosto;50.927
05 Ávila;Residentes en España;Septiembre;23.725
05 Ávila;Residentes en España;Octubre;22.106
05 Ávila;Residentes en España;Noviembre;22.258
05 Ávila;Residentes en España;Diciembre;28.917
05 Ávila;No residentes en España;Total;14.214
05 Ávila;No residentes en España;Enero;431
05 Ávila;No residentes en España;Febrero;4.183
05 Ávila;No residentes en España;Marzo;2.220
05 Ávila;No residentes en España;Abril;628
05 Ávila;No residentes en España;Mayo;982
05 Ávila;No residentes en España;Junio;421
05 Ávila;No residentes en España;Julio;1.640
05 Ávila;No residentes en España;Agosto;1.874
05 Ávila;No residentes en España;Septiembre;400
05 Ávila;No residentes en España;Octubre;1.081
05 Ávila;No residentes en España;Noviembre;279
05 Ávila;No residentes en España;Diciembre;74
06 Badajoz;Total;Total;142.784
06 Badajoz;Total;Enero;5.928
06 Badajoz;Total;Febrero;7.021
06 Badajoz;Total;Marzo;12.827
06 Badajoz;Total;Abril;10.017
06 Badajoz;Total;Mayo;11.078
06 Badajoz;Total;Junio;10.822
06 Badajoz;Total;Julio;15.200
06 Badajoz;Total;Agosto;22.423
06 Badajoz;Total;Septiembre;12.286
06 Badajoz;Total;Octubre;11.222
06 Badajoz;Total;Noviembre;11.759
06 Badajoz;Total;Diciembre;12.200
06 Badajoz;Residentes en España;Total;118.839
06 Badajoz;Residentes en España;Enero;5.439
06 Badajoz;Residentes en España;Febrero;6.268
06 Badajoz;Residentes en España;Marzo;11.229
06 Badajoz;Residentes en España;Abril;7.510
06 Badajoz;Residentes en España;Mayo;8.795
06 Badajoz;Residentes en España;Junio;9.464
06 Badajoz;Residentes en España;Julio;12.140
06 Badajoz;Residentes en España;Agosto;18.914
06 Badajoz;Residentes en España;Septiembre;10.214
06 Badajoz;Residentes en España;Octubre;7.985
06 Badajoz;Residentes en España;Noviembre;9.985
06 Badajoz;Residentes en España;Diciembre;10.896
06 Badajoz;No residentes en España;Total;23.945
06 Badajoz;No residentes en España;Enero;488
06 Badajoz;No residentes en España;Febrero;753
06 Badajoz;No residentes en España;Marzo;1.598
06 Badajoz;No residentes en España;Abril;2.507
06 Badajoz;No residentes en España;Mayo;2.283
06 Badajoz;No residentes en España;Junio;1.359
06 Badajoz;No residentes en España;Julio;3.060
06 Badajoz;No residentes en España;Agosto;3.510
06 Badajoz;No residentes en España;Septiembre;2.073
06 Badajoz;No residentes en España;Octubre;3.237
06 Badajoz;No residentes en España;Noviembre;1.774
06 Badajoz;No residentes en España;Diciembre;1.304
07 Balears, Illes;Total;Total;1.688.708
07 Balears, Illes;Total;Enero;20.475
07 Balears, Illes;Total;Febrero;32.967
07 Balears, Illes;Total;Marzo;78.155
07 Balears, Illes;Total;Abril;141.112
07 Balears, Illes;Total;Mayo;204.804
07 Balears, Illes;Total;Junio;225.601
07 Balears, Illes;Total;Julio;239.272
07 Balears, Illes;Total;Agosto;262.731
07 Balears, Illes;Total;Septiembre;237.092
07 Balears, Illes;Total;Octubre;176.723
07 Balears, Illes;Total;Noviembre;38.315
07 Balears, Illes;Total;Diciembre;31.462
07 Balears, Illes;Residentes en España;Total;207.053
07 Balears, Illes;Residentes en España;Enero;7.626
07 Balears, Illes;Residentes en España;Febrero;10.139
07 Balears, Illes;Residentes en España;Marzo;12.301
07 Balears, Illes;Residentes en España;Abril;11.616
07 Balears, Illes;Residentes en España;Mayo;16.993
07 Balears, Illes;Residentes en España;Junio;24.732
07 Balears, Illes;Residentes en España;Julio;26.233
07 Balears, Illes;Residentes en España;Agosto;34.640
07 Balears, Illes;Residentes en España;Septiembre;24.363
07 Balears, Illes;Residentes en España;Octubre;16.368
07 Balears, Illes;Residentes en España;Noviembre;10.987
07 Balears, Illes;Residentes en España;Diciembre;11.055
07 Balears, Illes;No residentes en España;Total;1.481.655
07 Balears, Illes;No residentes en España;Enero;12.849
07 Balears, Illes;No residentes en España;Febrero;22.828
07 Balears, Illes;No residentes en España;Marzo;65.854
07 Balears, Illes;No residentes en España;Abril;129.496
07 Balears, Illes;No residentes en España;Mayo;187.811
07 Balears, Illes;No residentes en España;Junio;200.869
07 Balears, Illes;No residentes en España;Julio;213.040
07 Balears, Illes;No residentes en España;Agosto;228.091
07 Balears, Illes;No residentes en España;Septiembre;212.729
07 Balears, Illes;No residentes en España;Octubre;160.355
07 Balears, Illes;No residentes en España;Noviembre;27.327
07 Balears, Illes;No residentes en España;Diciembre;20.407
08 Barcelona;Total;Total;415.898
08 Barcelona;Total;Enero;13.286
08 Barcelona;Total;Febrero;20.223
08 Barcelona;Total;Marzo;29.613
08 Barcelona;Total;Abril;24.052
08 Barcelona;Total;Mayo;31.533
08 Barcelona;Total;Junio;38.604
08 Barcelona;Total;Julio;51.872
08 Barcelona;Total;Agosto;75.646
08 Barcelona;Total;Septiembre;34.746
08 Barcelona;Total;Octubre;33.239
08 Barcelona;Total;Noviembre;26.432
08 Barcelona;Total;Diciembre;36.652
08 Barcelona;Residentes en España;Total;316.032
08 Barcelona;Residentes en España;Enero;12.023
08 Barcelona;Residentes en España;Febrero;17.228
08 Barcelona;Residentes en España;Marzo;26.994
08 Barcelona;Residentes en España;Abril;17.963
08 Barcelona;Residentes en España;Mayo;23.451
08 Barcelona;Residentes en España;Junio;30.994
08 Barcelona;Residentes en España;Julio;29.492
08 Barcelona;Residentes en España;Agosto;49.498
08 Barcelona;Residentes en España;Septiembre;26.481
08 Barcelona;Residentes en España;Octubre;26.282
08 Barcelona;Residentes en España;Noviembre;22.830
08 Barcelona;Residentes en España;Diciembre;32.795
08 Barcelona;No residentes en España;Total;99.866
08 Barcelona;No residentes en España;Enero;1.263
08 Barcelona;No residentes en España;Febrero;2.995
08 Barcelona;No residentes en España;Marzo;2.618
08 Barcelona;No residentes en España;Abril;6.090
08 Barcelona;No residentes en España;Mayo;8.082
08 Barcelona;No residentes en España;Junio;7.610
08 Barcelona;No residentes en España;Julio;22.379
08 Barcelona;No residentes en España;Agosto;26.149
08 Barcelona;No residentes en España;Septiembre;8.264
08 Barcelona;No residentes en España;Octubre;6.957
08 Barcelona;No residentes en España;Noviembre;3.602
08 Barcelona;No residentes en España;Diciembre;3.858
48 Bizkaia;Total;Total;113.867
48 Bizkaia;Total;Enero;4.005
48 Bizkaia;Total;Febrero;4.116
48 Bizkaia;Total;Marzo;7.931
48 Bizkaia;Total;Abril;6.645
48 Bizkaia;Total;Mayo;9.227
48 Bizkaia;Total;Junio;11.627
48 Bizkaia;Total;Julio;15.941
48 Bizkaia;Total;Agosto;22.891
48 Bizkaia;Total;Septiembre;9.949
48 Bizkaia;Total;Octubre;8.780
48 Bizkaia;Total;Noviembre;6.326
48 Bizkaia;Total;Diciembre;6.428
48 Bizkaia;Residentes en España;Total;83.623
48 Bizkaia;Residentes en España;Enero;3.742
48 Bizkaia;Residentes en España;Febrero;3.670
48 Bizkaia;Residentes en España;Marzo;7.005
48 Bizkaia;Residentes en España;Abril;5.039
48 Bizkaia;Residentes en España;Mayo;5.792
48 Bizkaia;Residentes en España;Junio;7.542
48 Bizkaia;Residentes en España;Julio;10.549
48 Bizkaia;Residentes en España;Agosto;16.328
48 Bizkaia;Residentes en España;Septiembre;6.989
48 Bizkaia;Residentes en España;Octubre;6.369
48 Bizkaia;Residentes en España;Noviembre;5.213
48 Bizkaia;Residentes en España;Diciembre;5.386
48 Bizkaia;No residentes en España;Total;30.244
48 Bizkaia;No residentes en España;Enero;262
48 Bizkaia;No residentes en España;Febrero;446
48 Bizkaia;No residentes en España;Marzo;926
48 Bizkaia;No residentes en España;Abril;1.606
48 Bizkaia;No residentes en España;Mayo;3.436
48 Bizkaia;No residentes en España;Junio;4.085
48 Bizkaia;No residentes en España;Julio;5.393
48 Bizkaia;No residentes en España;Agosto;6.563
48 Bizkaia;No residentes en España;Septiembre;2.960
48 Bizkaia;No residentes en España;Octubre;2.412
48 Bizkaia;No residentes en España;Noviembre;1.113
48 Bizkaia;No residentes en España;Diciembre;1.042
09 Burgos;Total;Total;336.238
09 Burgos;Total;Enero;8.485
09 Burgos;Total;Febrero;11.792
09 Burgos;Total;Marzo;33.944
09 Burgos;Total;Abril;26.050
09 Burgos;Total;Mayo;31.376
09 Burgos;Total;Junio;25.595
09 Burgos;Total;Julio;36.412
09 Burgos;Total;Agosto;54.665
09 Burgos;Total;Septiembre;28.825
09 Burgos;Total;Octubre;30.385
09 Burgos;Total;Noviembre;21.972
09 Burgos;Total;Diciembre;26.738
09 Burgos;Residentes en España;Total;305.189
09 Burgos;Residentes en España;Enero;7.760
09 Burgos;Residentes en España;Febrero;11.201
09 Burgos;Residentes en España;Marzo;32.719
09 Burgos;Residentes en España;Abril;23.535
09 Burgos;Residentes en España;Mayo;27.424
09 Burgos;Residentes en España;Junio;22.844
09 Burgos;Residentes en España;Julio;30.766
09 Burgos;Residentes en España;Agosto;49.107
09 Burgos;Residentes en España;Septiembre;24.822
09 Burgos;Residentes en España;Octubre;28.161
09 Burgos;Residentes en España;Noviembre;20.965
09 Burgos;Residentes en España;Diciembre;25.884
09 Burgos;No residentes en España;Total;31.049
09 Burgos;No residentes en España;Enero;725
09 Burgos;No residentes en España;Febrero;591
09 Burgos;No residentes en España;Marzo;1.225
09 Burgos;No residentes en España;Abril;2.514
09 Burgos;No residentes en España;Mayo;3.952
09 Burgos;No residentes en España;Junio;2.751
09 Burgos;No residentes en España;Julio;5.646
09 Burgos;No residentes en España;Agosto;5.558
09 Burgos;No residentes en España;Septiembre;4.002
09 Burgos;No residentes en España;Octubre;2.224
09 Burgos;No residentes en España;Noviembre;1.007
09 Burgos;No residentes en España;Diciembre;853
10 Cáceres;Total;Total;428.423
10 Cáceres;Total;Enero;13.409
10 Cáceres;Total;Febrero;17.289
10 Cáceres;Total;Marzo;41.724
10 Cáceres;Total;Abril;35.381
10 Cáceres;Total;Mayo;37.850
10 Cáceres;Total;Junio;30.718
10 Cáceres;Total;Julio;54.090
10 Cáceres;Total;Agosto;78.813
10 Cáceres;Total;Septiembre;34.282
10 Cáceres;Total;Octubre;27.311
10 Cáceres;Total;Noviembre;26.902
10 Cáceres;Total;Diciembre;30.653
10 Cáceres;Residentes en España;Total;364.131
10 Cáceres;Residentes en España;Enero;12.358
10 Cáceres;Residentes en España;Febrero;14.744
10 Cáceres;Residentes en España;Marzo;35.818
10 Cáceres;Residentes en España;Abril;25.558
10 Cáceres;Residentes en España;Mayo;30.081
10 Cáceres;Residentes en España;Junio;26.918
10 Cáceres;Residentes en España;Julio;45.936
10 Cáceres;Residentes en España;Agosto;67.916
10 Cáceres;Residentes en España;Septiembre;29.292
10 Cáceres;Residentes en España;Octubre;24.080
10 Cáceres;Residentes en España;Noviembre;23.561
10 Cáceres;Residentes en España;Diciembre;27.869
10 Cáceres;No residentes en España;Total;64.292
10 Cáceres;No residentes en España;Enero;1.051
10 Cáceres;No residentes en España;Febrero;2.545
10 Cáceres;No residentes en España;Marzo;5.906
10 Cáceres;No residentes en España;Abril;9.823
10 Cáceres;No residentes en España;Mayo;7.768
10 Cáceres;No residentes en España;Junio;3.800
10 Cáceres;No residentes en España;Julio;8.154
10 Cáceres;No residentes en España;Agosto;10.898
10 Cáceres;No residentes en España;Septiembre;4.990
10 Cáceres;No residentes en España;Octubre;3.231
10 Cáceres;No residentes en España;Noviembre;3.341
10 Cáceres;No residentes en España;Diciembre;2.784
11 Cádiz;Total;Total;76.056
11 Cádiz;Total;Enero;2.093
11 Cádiz;Total;Febrero;3.253
11 Cádiz;Total;Marzo;5.839
11 Cádiz;Total;Abril;5.539
11 Cádiz;Total;Mayo;6.143
11 Cádiz;Total;Junio;7.747
11 Cádiz;Total;Julio;8.037
11 Cádiz;Total;Agosto;13.489
11 Cádiz;Total;Septiembre;7.658
11 Cádiz;Total;Octubre;6.193
11 Cádiz;Total;Noviembre;5.450
11 Cádiz;Total;Diciembre;4.615
11 Cádiz;Residentes en España;Total;51.955
11 Cádiz;Residentes en España;Enero;1.683
11 Cádiz;Residentes en España;Febrero;2.304
11 Cádiz;Residentes en España;Marzo;4.229
11 Cádiz;Residentes en España;Abril;3.192
11 Cádiz;Residentes en España;Mayo;2.952
11 Cádiz;Residentes en España;Junio;4.717
11 Cádiz;Residentes en España;Julio;6.198
11 Cádiz;Residentes en España;Agosto;10.643
11 Cádiz;Residentes en España;Septiembre;5.525
11 Cádiz;Residentes en España;Octubre;3.383
11 Cádiz;Residentes en España;Noviembre;4.036
11 Cádiz;Residentes en España;Diciembre;3.093
11 Cádiz;No residentes en España;Total;24.101
11 Cádiz;No residentes en España;Enero;411
11 Cádiz;No residentes en España;Febrero;949
11 Cádiz;No residentes en España;Marzo;1.610
11 Cádiz;No residentes en España;Abril;2.347
11 Cádiz;No residentes en España;Mayo;3.191
11 Cádiz;No residentes en España;Junio;3.031
11 Cádiz;No residentes en España;Julio;1.840
11 Cádiz;No residentes en España;Agosto;2.846
11 Cádiz;No residentes en España;Septiembre;2.132
11 Cádiz;No residentes en España;Octubre;2.809
11 Cádiz;No residentes en España;Noviembre;1.413
11 Cádiz;No residentes en España;Diciembre;1.522
39 Cantabria;Total;Total;696.365
39 Cantabria;Total;Enero;10.606
39 Cantabria;Total;Febrero;13.768
39 Cantabria;Total;Marzo;43.298
39 Cantabria;Total;Abril;30.293
39 Cantabria;Total;Mayo;47.503
39 Cantabria;Total;Junio;56.636
39 Cantabria;Total;Julio;129.475
39 Cantabria;Total;Agosto;197.812
39 Cantabria;Total;Septiembre;75.794
39 Cantabria;Total;Octubre;37.237
39 Cantabria;Total;Noviembre;23.971
39 Cantabria;Total;Diciembre;29.971
39 Cantabria;Residentes en España;Total;576.301
39 Cantabria;Residentes en España;Enero;9.232
39 Cantabria;Residentes en España;Febrero;12.101
39 Cantabria;Residentes en España;Marzo;40.517
39 Cantabria;Residentes en España;Abril;24.478
39 Cantabria;Residentes en España;Mayo;36.385
39 Cantabria;Residentes en España;Junio;41.843
39 Cantabria;Residentes en España;Julio;105.542
39 Cantabria;Residentes en España;Agosto;171.582
39 Cantabria;Residentes en España;Septiembre;58.116
39 Cantabria;Residentes en España;Octubre;29.062
39 Cantabria;Residentes en España;Noviembre;20.779
39 Cantabria;Residentes en España;Diciembre;26.666
39 Cantabria;No residentes en España;Total;120.064
39 Cantabria;No residentes en España;Enero;1.374
39 Cantabria;No residentes en España;Febrero;1.667
39 Cantabria;No residentes en España;Marzo;2.781
39 Cantabria;No residentes en España;Abril;5.816
39 Cantabria;No residentes en España;Mayo;11.117
39 Cantabria;No residentes en España;Junio;14.793
39 Cantabria;No residentes en España;Julio;23.933
39 Cantabria;No residentes en España;Agosto;26.231
39 Cantabria;No residentes en España;Septiembre;17.678
39 Cantabria;No residentes en España;Octubre;8.175
39 Cantabria;No residentes en España;Noviembre;3.192
39 Cantabria;No residentes en España;Diciembre;3.306
12 Castellón/Castelló;Total;Total;125.992
12 Castellón/Castelló;Total;Enero;2.692
12 Castellón/Castelló;Total;Febrero;5.211
12 Castellón/Castelló;Total;Marzo;8.641
12 Castellón/Castelló;Total;Abril;6.416
12 Castellón/Castelló;Total;Mayo;8.953
12 Castellón/Castelló;Total;Junio;10.714
12 Castellón/Castelló;Total;Julio;18.183
12 Castellón/Castelló;Total;Agosto;28.108
12 Castellón/Castelló;Total;Septiembre;11.239
12 Castellón/Castelló;Total;Octubre;8.012
12 Castellón/Castelló;Total;Noviembre;6.274
12 Castellón/Castelló;Total;Diciembre;11.552
12 Castellón/Castelló;Residentes en España;Total;105.442
12 Castellón/Castelló;Residentes en España;Enero;2.616
12 Castellón/Castelló;Residentes en España;Febrero;4.947
12 Castellón/Castelló;Residentes en España;Marzo;8.517
12 Castellón/Castelló;Residentes en España;Abril;5.386
12 Castellón/Castelló;Residentes en España;Mayo;7.611
12 Castellón/Castelló;Residentes en España;Junio;9.341
12 Castellón/Castelló;Residentes en España;Julio;13.073
12 Castellón/Castelló;Residentes en España;Agosto;20.770
12 Castellón/Castelló;Residentes en España;Septiembre;9.420
12 Castellón/Castelló;Residentes en España;Octubre;6.599
12 Castellón/Castelló;Residentes en España;Noviembre;5.671
12 Castellón/Castelló;Residentes en España;Diciembre;11.491
12 Castellón/Castelló;No residentes en España;Total;20.550
12 Castellón/Castelló;No residentes en España;Enero;76
12 Castellón/Castelló;No residentes en España;Febrero;264
12 Castellón/Castelló;No residentes en España;Marzo;124
12 Castellón/Castelló;No residentes en España;Abril;1.030
12 Castellón/Castelló;No residentes en España;Mayo;1.341
12 Castellón/Castelló;No residentes en España;Junio;1.373
12 Castellón/Castelló;No residentes en España;Julio;5.110
12 Castellón/Castelló;No residentes en España;Agosto;7.338
12 Castellón/Castelló;No residentes en España;Septiembre;1.818
12 Castellón/Castelló;No residentes en España;Octubre;1.413
12 Castellón/Castelló;No residentes en España;Noviembre;602
12 Castellón/Castelló;No residentes en España;Diciembre;61
13 Ciudad Real;Total;Total;87.030
13 Ciudad Real;Total;Enero;4.745
13 Ciudad Real;Total;Febrero;5.255
13 Ciudad Real;Total;Marzo;9.109
13 Ciudad Real;Total;Abril;5.803
13 Ciudad Real;Total;Mayo;5.295
13 Ciudad Real;Total;Junio;8.675
13 Ciudad Real;Total;Julio;10.016
13 Ciudad Real;Total;Agosto;11.630
13 Ciudad Real;Total;Septiembre;5.373
13 Ciudad Real;Total;Octubre;5.617
13 Ciudad Real;Total;Noviembre;6.768
13 Ciudad Real;Total;Diciembre;8.745
13 Ciudad Real;Residentes en España;Total;84.610
13 Ciudad Real;Residentes en España;Enero;3.984
13 Ciudad Real;Residentes en España;Febrero;5.046
13 Ciudad Real;Residentes en España;Marzo;9.048
13 Ciudad Real;Residentes en España;Abril;5.451
13 Ciudad Real;Residentes en España;Mayo;5.082
13 Ciudad Real;Residentes en España;Junio;8.376
13 Ciudad Real;Residentes en España;Julio;9.969
13 Ciudad Real;Residentes en España;Agosto;11.506
13 Ciudad Real;Residentes en España;Septiembre;5.226
13 Ciudad Real;Residentes en España;Octubre;5.530
13 Ciudad Real;Residentes en España;Noviembre;6.751
13 Ciudad Real;Residentes en España;Diciembre;8.641
13 Ciudad Real;No residentes en España;Total;2.420
13 Ciudad Real;No residentes en España;Enero;761
13 Ciudad Real;No residentes en España;Febrero;208
13 Ciudad Real;No residentes en España;Marzo;61
13 Ciudad Real;No residentes en España;Abril;351
13 Ciudad Real;No residentes en España;Mayo;213
13 Ciudad Real;No residentes en España;Junio;299
13 Ciudad Real;No residentes en España;Julio;47
13 Ciudad Real;No residentes en España;Agosto;124
13 Ciudad Real;No residentes en España;Septiembre;147
13 Ciudad Real;No residentes en España;Octubre;87
13 Ciudad Real;No residentes en España;Noviembre;18
13 Ciudad Real;No residentes en España;Diciembre;104
14 Córdoba;Total;Total;94.654
14 Córdoba;Total;Enero;2.530
14 Córdoba;Total;Febrero;4.237
14 Córdoba;Total;Marzo;8.006
14 Córdoba;Total;Abril;6.008
14 Córdoba;Total;Mayo;8.675
14 Córdoba;Total;Junio;7.666
14 Córdoba;Total;Julio;13.631
14 Córdoba;Total;Agosto;18.188
14 Córdoba;Total;Septiembre;5.323
14 Córdoba;Total;Octubre;5.139
14 Córdoba;Total;Noviembre;5.840
14 Córdoba;Total;Diciembre;9.411
14 Córdoba;Residentes en España;Total;78.918
14 Córdoba;Residentes en España;Enero;2.004
14 Córdoba;Residentes en España;Febrero;4.004
14 Córdoba;Residentes en España;Marzo;7.208
14 Córdoba;Residentes en España;Abril;4.575
14 Córdoba;Residentes en España;Mayo;5.512
14 Córdoba;Residentes en España;Junio;6.652
14 Córdoba;Residentes en España;Julio;11.020
14 Córdoba;Residentes en España;Agosto;14.680
14 Córdoba;Residentes en España;Septiembre;4.922
14 Córdoba;Residentes en España;Octubre;4.419
14 Córdoba;Residentes en España;Noviembre;5.230
14 Córdoba;Residentes en España;Diciembre;8.692
14 Córdoba;No residentes en España;Total;15.736
14 Córdoba;No residentes en España;Enero;526
14 Córdoba;No residentes en España;Febrero;233
14 Córdoba;No residentes en España;Marzo;797
14 Córdoba;No residentes en España;Abril;1.433
14 Córdoba;No residentes en España;Mayo;3.163
14 Córdoba;No residentes en España;Junio;1.014
14 Córdoba;No residentes en España;Julio;2.611
14 Córdoba;No residentes en España;Agosto;3.508
14 Córdoba;No residentes en España;Septiembre;401
14 Córdoba;No residentes en España;Octubre;721
14 Córdoba;No residentes en España;Noviembre;610
14 Córdoba;No residentes en España;Diciembre;719
15 Coruña, A;Total;Total;138.444
15 Coruña, A;Total;Enero;1.932
15 Coruña, A;Total;Febrero;2.038
15 Coruña, A;Total;Marzo;5.941
15 Coruña, A;Total;Abril;7.675
15 Coruña, A;Total;Mayo;13.527
15 Coruña, A;Total;Junio;14.502
15 Coruña, A;Total;Julio;22.543
15 Coruña, A;Total;Agosto;34.871
15 Coruña, A;Total;Septiembre;18.621
15 Coruña, A;Total;Octubre;9.691
15 Coruña, A;Total;Noviembre;3.593
15 Coruña, A;Total;Diciembre;3.510
15 Coruña, A;Residentes en España;Total;78.016
15 Coruña, A;Residentes en España;Enero;1.709
15 Coruña, A;Residentes en España;Febrero;1.663
15 Coruña, A;Residentes en España;Marzo;3.700
15 Coruña, A;Residentes en España;Abril;3.005
15 Coruña, A;Residentes en España;Mayo;4.827
15 Coruña, A;Residentes en España;Junio;7.026
15 Coruña, A;Residentes en España;Julio;14.099
15 Coruña, A;Residentes en España;Agosto;24.295
15 Coruña, A;Residentes en España;Septiembre;8.299
15 Coruña, A;Residentes en España;Octubre;3.739
15 Coruña, A;Residentes en España;Noviembre;2.791
15 Coruña, A;Residentes en España;Diciembre;2.862
15 Coruña, A;No residentes en España;Total;60.428
15 Coruña, A;No residentes en España;Enero;223
15 Coruña, A;No residentes en España;Febrero;375
15 Coruña, A;No residentes en España;Marzo;2.241
15 Coruña, A;No residentes en España;Abril;4.670
15 Coruña, A;No residentes en España;Mayo;8.700
15 Coruña, A;No residentes en España;Junio;7.476
15 Coruña, A;No residentes en España;Julio;8.443
15 Coruña, A;No residentes en España;Agosto;10.576
15 Coruña, A;No residentes en España;Septiembre;10.322
15 Coruña, A;No residentes en España;Octubre;5.951
15 Coruña, A;No residentes en España;Noviembre;803
15 Coruña, A;No residentes en España;Diciembre;649
16 Cuenca;Total;Total;200.303
16 Cuenca;Total;Enero;6.514
16 Cuenca;Total;Febrero;11.044
16 Cuenca;Total;Marzo;18.157
16 Cuenca;Total;Abril;12.816
16 Cuenca;Total;Mayo;15.397
16 Cuenca;Total;Junio;16.747
16 Cuenca;Total;Julio;23.509
16 Cuenca;Total;Agosto;28.556
16 Cuenca;Total;Septiembre;13.898
16 Cuenca;Total;Octubre;16.378
16 Cuenca;Total;Noviembre;16.712
16 Cuenca;Total;Diciembre;20.574
16 Cuenca;Residentes en España;Total;187.806
16 Cuenca;Residentes en España;Enero;6.486
16 Cuenca;Residentes en España;Febrero;7.881
16 Cuenca;Residentes en España;Marzo;17.802
16 Cuenca;Residentes en España;Abril;11.771
16 Cuenca;Residentes en España;Mayo;14.164
16 Cuenca;Residentes en España;Junio;16.185
16 Cuenca;Residentes en España;Julio;22.106
16 Cuenca;Residentes en España;Agosto;26.607
16 Cuenca;Residentes en España;Septiembre;13.250
16 Cuenca;Residentes en España;Octubre;15.519
16 Cuenca;Residentes en España;Noviembre;16.273
16 Cuenca;Residentes en España;Diciembre;19.761
16 Cuenca;No residentes en España;Total;12.497
16 Cuenca;No residentes en España;Enero;28
16 Cuenca;No residentes en España;Febrero;3.163
16 Cuenca;No residentes en España;Marzo;355
16 Cuenca;No residentes en España;Abril;1.044
16 Cuenca;No residentes en España;Mayo;1.234
16 Cuenca;No residentes en España;Junio;562
16 Cuenca;No residentes en España;Julio;1.403
16 Cuenca;No residentes en España;Agosto;1.949
16 Cuenca;No residentes en España;Septiembre;648
16 Cuenca;No residentes en España;Octubre;859
16 Cuenca;No residentes en España;Noviembre;439
16 Cuenca;No residentes en España;Diciembre;813
20 Gipuzkoa;Total;Total;248.719
20 Gipuzkoa;Total;Enero;7.282
20 Gipuzkoa;Total;Febrero;9.934
20 Gipuzkoa;Total;Marzo;18.135
20 Gipuzkoa;Total;Abril;17.047
20 Gipuzkoa;Total;Mayo;19.912
20 Gipuzkoa;Total;Junio;21.236
20 Gipuzkoa;Total;Julio;41.555
20 Gipuzkoa;Total;Agosto;49.048
20 Gipuzkoa;Total;Septiembre;23.011
20 Gipuzkoa;Total;Octubre;15.559
20 Gipuzkoa;Total;Noviembre;13.071
20 Gipuzkoa;Total;Diciembre;12.931
20 Gipuzkoa;Residentes en España;Total;175.428
20 Gipuzkoa;Residentes en España;Enero;5.661
20 Gipuzkoa;Residentes en España;Febrero;7.496
20 Gipuzkoa;Residentes en España;Marzo;14.094
20 Gipuzkoa;Residentes en España;Abril;11.580
20 Gipuzkoa;Residentes en España;Mayo;11.200
20 Gipuzkoa;Residentes en España;Junio;13.092
20 Gipuzkoa;Residentes en España;Julio;28.018
20 Gipuzkoa;Residentes en España;Agosto;37.666
20 Gipuzkoa;Residentes en España;Septiembre;14.840
20 Gipuzkoa;Residentes en España;Octubre;10.063
20 Gipuzkoa;Residentes en España;Noviembre;10.597
20 Gipuzkoa;Residentes en España;Diciembre;11.121
20 Gipuzkoa;No residentes en España;Total;73.291
20 Gipuzkoa;No residentes en España;Enero;1.621
20 Gipuzkoa;No residentes en España;Febrero;2.438
20 Gipuzkoa;No residentes en España;Marzo;4.041
20 Gipuzkoa;No residentes en España;Abril;5.467
20 Gipuzkoa;No residentes en España;Mayo;8.711
20 Gipuzkoa;No residentes en España;Junio;8.144
20 Gipuzkoa;No residentes en España;Julio;13.537
20 Gipuzkoa;No residentes en España;Agosto;11.382
20 Gipuzkoa;No residentes en España;Septiembre;8.171
20 Gipuzkoa;No residentes en España;Octubre;5.496
20 Gipuzkoa;No residentes en España;Noviembre;2.474
20 Gipuzkoa;No residentes en España;Diciembre;1.810
17 Girona;Total;Total;568.684
17 Girona;Total;Enero;14.035
17 Girona;Total;Febrero;23.265
17 Girona;Total;Marzo;44.173
17 Girona;Total;Abril;28.510
17 Girona;Total;Mayo;37.875
17 Girona;Total;Junio;47.415
17 Girona;Total;Julio;81.623
17 Girona;Total;Agosto;116.762
17 Girona;Total;Septiembre;47.802
17 Girona;Total;Octubre;43.111
17 Girona;Total;Noviembre;36.272
17 Girona;Total;Diciembre;47.841
17 Girona;Residentes en España;Total;414.029
17 Girona;Residentes en España;Enero;12.605
17 Girona;Residentes en España;Febrero;20.994
17 Girona;Residentes en España;Marzo;40.824
17 Girona;Residentes en España;Abril;22.255
17 Girona;Residentes en España;Mayo;26.649
17 Girona;Residentes en España;Junio;40.153
17 Girona;Residentes en España;Julio;36.183
17 Girona;Residentes en España;Agosto;68.959
17 Girona;Residentes en España;Septiembre;36.365
17 Girona;Residentes en España;Octubre;32.998
17 Girona;Residentes en España;Noviembre;32.154
17 Girona;Residentes en España;Diciembre;43.890
17 Girona;No residentes en España;Total;154.655
17 Girona;No residentes en España;Enero;1.430
17 Girona;No residentes en España;Febrero;2.271
17 Girona;No residentes en España;Marzo;3.349
17 Girona;No residentes en España;Abril;6.255
17 Girona;No residentes en España;Mayo;11.226
17 Girona;No residentes en España;Junio;7.262
17 Girona;No residentes en España;Julio;45.440
17 Girona;No residentes en España;Agosto;47.803
17 Girona;No residentes en España;Septiembre;11.438
17 Girona;No residentes en España;Octubre;10.112
17 Girona;No residentes en España;Noviembre;4.119
17 Girona;No residentes en España;Diciembre;3.951
18 Granada;Total;Total;94.585
18 Granada;Total;Enero;3.293
18 Granada;Total;Febrero;6.055
18 Granada;Total;Marzo;8.521
18 Granada;Total;Abril;5.600
18 Granada;Total;Mayo;7.711
18 Granada;Total;Junio;8.158
18 Granada;Total;Julio;9.514
18 Granada;Total;Agosto;18.360
18 Granada;Total;Septiembre;7.545
18 Granada;Total;Octubre;7.538
18 Granada;Total;Noviembre;5.398
18 Granada;Total;Diciembre;6.890
18 Granada;Residentes en España;Total;62.901
18 Granada;Residentes en España;Enero;3.153
18 Granada;Residentes en España;Febrero;3.915
18 Granada;Residentes en España;Marzo;6.263
18 Granada;Residentes en España;Abril;3.392
18 Granada;Residentes en España;Mayo;3.881
18 Granada;Residentes en España;Junio;4.966
18 Granada;Residentes en España;Julio;6.892
18 Granada;Residentes en España;Agosto;12.579
18 Granada;Residentes en España;Septiembre;3.966
18 Granada;Residentes en España;Octubre;3.527
18 Granada;Residentes en España;Noviembre;4.527
18 Granada;Residentes en España;Diciembre;5.839
18 Granada;No residentes en España;Total;31.684
18 Granada;No residentes en España;Enero;140
18 Granada;No residentes en España;Febrero;2.140
18 Granada;No residentes en España;Marzo;2.258
18 Granada;No residentes en España;Abril;2.207
18 Granada;No residentes en España;Mayo;3.831
18 Granada;No residentes en España;Junio;3.192
18 Granada;No residentes en España;Julio;2.623
18 Granada;No residentes en España;Agosto;5.781
18 Granada;No residentes en España;Septiembre;3.579
18 Granada;No residentes en España;Octubre;4.011
18 Granada;No residentes en España;Noviembre;871
18 Granada;No residentes en España;Diciembre;1.051
19 Guadalajara;Total;Total;202.376
19 Guadalajara;Total;Enero;9.139
19 Guadalajara;Total;Febrero;11.179
19 Guadalajara;Total;Marzo;17.328
19 Guadalajara;Total;Abril;13.903
19 Guadalajara;Total;Mayo;18.755
19 Guadalajara;Total;Junio;15.807
19 Guadalajara;Total;Julio;18.859
19 Guadalajara;Total;Agosto;24.055
19 Guadalajara;Total;Septiembre;15.092
19 Guadalajara;Total;Octubre;18.829
19 Guadalajara;Total;Noviembre;19.416
19 Guadalajara;Total;Diciembre;20.012
19 Guadalajara;Residentes en España;Total;191.515
19 Guadalajara;Residentes en España;Enero;8.869
19 Guadalajara;Residentes en España;Febrero;10.932
19 Guadalajara;Residentes en España;Marzo;16.811
19 Guadalajara;Residentes en España;Abril;13.289
19 Guadalajara;Residentes en España;Mayo;18.313
19 Guadalajara;Residentes en España;Junio;15.231
19 Guadalajara;Residentes en España;Julio;18.101
19 Guadalajara;Residentes en España;Agosto;23.446
19 Guadalajara;Residentes en España;Septiembre;13.778
19 Guadalajara;Residentes en España;Octubre;16.555
19 Guadalajara;Residentes en España;Noviembre;17.717
19 Guadalajara;Residentes en España;Diciembre;18.472
19 Guadalajara;No residentes en España;Total;10.861
19 Guadalajara;No residentes en España;Enero;270
19 Guadalajara;No residentes en España;Febrero;247
19 Guadalajara;No residentes en España;Marzo;516
19 Guadalajara;No residentes en España;Abril;615
19 Guadalajara;No residentes en España;Mayo;442
19 Guadalajara;No residentes en España;Junio;576
19 Guadalajara;No residentes en España;Julio;758
19 Guadalajara;No residentes en España;Agosto;609
19 Guadalajara;No residentes en España;Septiembre;1.315
19 Guadalajara;No residentes en España;Octubre;2.274
19 Guadalajara;No residentes en España;Noviembre;1.699
19 Guadalajara;No residentes en España;Diciembre;1.540
21 Huelva;Total;Total;113.773
21 Huelva;Total;Enero;6.071
21 Huelva;Total;Febrero;8.938
21 Huelva;Total;Marzo;8.631
21 Huelva;Total;Abril;9.022
21 Huelva;Total;Mayo;8.642
21 Huelva;Total;Junio;8.082
21 Huelva;Total;Julio;12.074
21 Huelva;Total;Agosto;17.874
21 Huelva;Total;Septiembre;7.963
21 Huelva;Total;Octubre;8.428
21 Huelva;Total;Noviembre;8.732
21 Huelva;Total;Diciembre;9.316
21 Huelva;Residentes en España;Total;101.900
21 Huelva;Residentes en España;Enero;5.648
21 Huelva;Residentes en España;Febrero;7.813
21 Huelva;Residentes en España;Marzo;7.698
21 Huelva;Residentes en España;Abril;7.580
21 Huelva;Residentes en España;Mayo;8.071
21 Huelva;Residentes en España;Junio;7.400
21 Huelva;Residentes en España;Julio;11.335
21 Huelva;Residentes en España;Agosto;15.795
21 Huelva;Residentes en España;Septiembre;6.676
21 Huelva;Residentes en España;Octubre;6.995
21 Huelva;Residentes en España;Noviembre;8.270
21 Huelva;Residentes en España;Diciembre;8.620
21 Huelva;No residentes en España;Total;11.873
21 Huelva;No residentes en España;Enero;423
21 Huelva;No residentes en España;Febrero;1.125
21 Huelva;No residentes en España;Marzo;932
21 Huelva;No residentes en España;Abril;1.442
21 Huelva;No residentes en España;Mayo;571
21 Huelva;No residentes en España;Junio;682
21 Huelva;No residentes en España;Julio;740
21 Huelva;No residentes en España;Agosto;2.079
21 Huelva;No residentes en España;Septiembre;1.287
21 Huelva;No residentes en España;Octubre;1.433
21 Huelva;No residentes en España;Noviembre;462
21 Huelva;No residentes en España;Diciembre;697
22 Huesca;Total;Total;325.196
22 Huesca;Total;Enero;14.806
22 Huesca;Total;Febrero;15.609
22 Huesca;Total;Marzo;24.925
22 Huesca;Total;Abril;17.904
22 Huesca;Total;Mayo;20.067
22 Huesca;Total;Junio;23.834
22 Huesca;Total;Julio;49.045
22 Huesca;Total;Agosto;68.564
22 Huesca;Total;Septiembre;27.302
22 Huesca;Total;Octubre;20.677
22 Huesca;Total;Noviembre;17.083
22 Huesca;Total;Diciembre;25.380
22 Huesca;Residentes en España;Total;267.998
22 Huesca;Residentes en España;Enero;14.191
22 Huesca;Residentes en España;Febrero;14.737
22 Huesca;Residentes en España;Marzo;23.959
22 Huesca;Residentes en España;Abril;14.304
22 Huesca;Residentes en España;Mayo;13.184
22 Huesca;Residentes en España;Junio;19.227
22 Huesca;Residentes en España;Julio;37.267
22 Huesca;Residentes en España;Agosto;54.860
22 Huesca;Residentes en España;Septiembre;21.826
22 Huesca;Residentes en España;Octubre;16.557
22 Huesca;Residentes en España;Noviembre;13.734
22 Huesca;Residentes en España;Diciembre;24.152
22 Huesca;No residentes en España;Total;57.198
22 Huesca;No residentes en España;Enero;615
22 Huesca;No residentes en España;Febrero;872
22 Huesca;No residentes en España;Marzo;966
22 Huesca;No residentes en España;Abril;3.600
22 Huesca;No residentes en España;Mayo;6.883
22 Huesca;No residentes en España;Junio;4.608
22 Huesca;No residentes en España;Julio;11.778
22 Huesca;No residentes en España;Agosto;13.704
22 Huesca;No residentes en España;Septiembre;5.476
22 Huesca;No residentes en España;Octubre;4.120
22 Huesca;No residentes en España;Noviembre;3.349
22 Huesca;No residentes en España;Diciembre;1.228
23 Jaén;Total;Total;99.317
23 Jaén;Total;Enero;4.508
23 Jaén;Total;Febrero;5.209
23 Jaén;Total;Marzo;8.584
23 Jaén;Total;Abril;7.126
23 Jaén;Total;Mayo;5.830
23 Jaén;Total;Junio;6.290
23 Jaén;Total;Julio;14.103
23 Jaén;Total;Agosto;18.957
23 Jaén;Total;Septiembre;6.217
23 Jaén;Total;Octubre;5.938
23 Jaén;Total;Noviembre;7.775
23 Jaén;Total;Diciembre;8.780
23 Jaén;Residentes en España;Total;92.833
23 Jaén;Residentes en España;Enero;4.321
23 Jaén;Residentes en España;Febrero;5.037
23 Jaén;Residentes en España;Marzo;8.459
23 Jaén;Residentes en España;Abril;6.730
23 Jaén;Residentes en España;Mayo;5.491
23 Jaén;Residentes en España;Junio;5.754
23 Jaén;Residentes en España;Julio;12.032
23 Jaén;Residentes en España;Agosto;17.396
23 Jaén;Residentes en España;Septiembre;6.008
23 Jaén;Residentes en España;Octubre;5.642
23 Jaén;Residentes en España;Noviembre;7.547
23 Jaén;Residentes en España;Diciembre;8.417
23 Jaén;No residentes en España;Total;6.483
23 Jaén;No residentes en España;Enero;187
23 Jaén;No residentes en España;Febrero;172
23 Jaén;No residentes en España;Marzo;125
23 Jaén;No residentes en España;Abril;396
23 Jaén;No residentes en España;Mayo;339
23 Jaén;No residentes en España;Junio;536
23 Jaén;No residentes en España;Julio;2.072
23 Jaén;No residentes en España;Agosto;1.561
23 Jaén;No residentes en España;Septiembre;209
23 Jaén;No residentes en España;Octubre;296
23 Jaén;No residentes en España;Noviembre;228
23 Jaén;No residentes en España;Diciembre;363
24 León;Total;Total;257.626
24 León;Total;Enero;7.205
24 León;Total;Febrero;7.383
24 León;Total;Marzo;18.464
24 León;Total;Abril;16.285
24 León;Total;Mayo;20.034
24 León;Total;Junio;23.353
24 León;Total;Julio;38.932
24 León;Total;Agosto;56.319
24 León;Total;Septiembre;21.474
24 León;Total;Octubre;17.028
24 León;Total;Noviembre;16.387
24 León;Total;Diciembre;14.764
24 León;Residentes en España;Total;221.332
24 León;Residentes en España;Enero;6.730
24 León;Residentes en España;Febrero;6.592
24 León;Residentes en España;Marzo;18.128
24 León;Residentes en España;Abril;13.059
24 León;Residentes en España;Mayo;15.548
24 León;Residentes en España;Junio;18.053
24 León;Residentes en España;Julio;31.928
24 León;Residentes en España;Agosto;48.724
24 León;Residentes en España;Septiembre;17.670
24 León;Residentes en España;Octubre;14.563
24 León;Residentes en España;Noviembre;16.019
24 León;Residentes en España;Diciembre;14.317
24 León;No residentes en España;Total;36.295
24 León;No residentes en España;Enero;475
24 León;No residentes en España;Febrero;790
24 León;No residentes en España;Marzo;336
24 León;No residentes en España;Abril;3.225
24 León;No residentes en España;Mayo;4.486
24 León;No residentes en España;Junio;5.299
24 León;No residentes en España;Julio;7.003
24 León;No residentes en España;Agosto;7.595
24 León;No residentes en España;Septiembre;3.804
24 León;No residentes en España;Octubre;2.466
24 León;No residentes en España;Noviembre;369
24 León;No residentes en España;Diciembre;447
25 Lleida;Total;Total;222.694
25 Lleida;Total;Enero;10.620
25 Lleida;Total;Febrero;12.417
25 Lleida;Total;Marzo;18.789
25 Lleida;Total;Abril;9.989
25 Lleida;Total;Mayo;12.313
25 Lleida;Total;Junio;18.571
25 Lleida;Total;Julio;25.364
25 Lleida;Total;Agosto;42.303
25 Lleida;Total;Septiembre;18.679
25 Lleida;Total;Octubre;15.842
25 Lleida;Total;Noviembre;15.586
25 Lleida;Total;Diciembre;22.222
25 Lleida;Residentes en España;Total;196.815
25 Lleida;Residentes en España;Enero;10.115
25 Lleida;Residentes en España;Febrero;11.742
25 Lleida;Residentes en España;Marzo;17.366
25 Lleida;Residentes en España;Abril;8.349
25 Lleida;Residentes en España;Mayo;9.623
25 Lleida;Residentes en España;Junio;14.534
25 Lleida;Residentes en España;Julio;21.401
25 Lleida;Residentes en España;Agosto;37.534
25 Lleida;Residentes en España;Septiembre;16.010
25 Lleida;Residentes en España;Octubre;14.122
25 Lleida;Residentes en España;Noviembre;14.938
25 Lleida;Residentes en España;Diciembre;21.080
25 Lleida;No residentes en España;Total;25.879
25 Lleida;No residentes en España;Enero;505
25 Lleida;No residentes en España;Febrero;674
25 Lleida;No residentes en España;Marzo;1.422
25 Lleida;No residentes en España;Abril;1.640
25 Lleida;No residentes en España;Mayo;2.690
25 Lleida;No residentes en España;Junio;4.037
25 Lleida;No residentes en España;Julio;3.963
25 Lleida;No residentes en España;Agosto;4.769
25 Lleida;No residentes en España;Septiembre;2.669
25 Lleida;No residentes en España;Octubre;1.719
25 Lleida;No residentes en España;Noviembre;648
25 Lleida;No residentes en España;Diciembre;1.142
27 Lugo;Total;Total;92.697
27 Lugo;Total;Enero;1.048
27 Lugo;Total;Febrero;1.195
27 Lugo;Total;Marzo;5.343
27 Lugo;Total;Abril;4.550
27 Lugo;Total;Mayo;7.714
27 Lugo;Total;Junio;8.151
27 Lugo;Total;Julio;14.066
27 Lugo;Total;Agosto;25.351
27 Lugo;Total;Septiembre;11.350
27 Lugo;Total;Octubre;6.990
27 Lugo;Total;Noviembre;4.306
27 Lugo;Total;Diciembre;2.634
27 Lugo;Residentes en España;Total;73.746
27 Lugo;Residentes en España;Enero;944
27 Lugo;Residentes en España;Febrero;1.123
27 Lugo;Residentes en España;Marzo;4.991
27 Lugo;Residentes en España;Abril;2.873
27 Lugo;Residentes en España;Mayo;5.395
27 Lugo;Residentes en España;Junio;5.869
27 Lugo;Residentes en España;Julio;11.652
27 Lugo;Residentes en España;Agosto;21.990
27 Lugo;Residentes en España;Septiembre;8.127
27 Lugo;Residentes en España;Octubre;4.563
27 Lugo;Residentes en España;Noviembre;3.860
27 Lugo;Residentes en España;Diciembre;2.359
27 Lugo;No residentes en España;Total;18.952
27 Lugo;No residentes en España;Enero;104
27 Lugo;No residentes en España;Febrero;72
27 Lugo;No residentes en España;Marzo;352
27 Lugo;No residentes en España;Abril;1.677
27 Lugo;No residentes en España;Mayo;2.319
27 Lugo;No residentes en España;Junio;2.282
27 Lugo;No residentes en España;Julio;2.414
27 Lugo;No residentes en España;Agosto;3.361
27 Lugo;No residentes en España;Septiembre;3.223
27 Lugo;No residentes en España;Octubre;2.427
27 Lugo;No residentes en España;Noviembre;446
27 Lugo;No residentes en España;Diciembre;275
28 Madrid;Total;Total;275.366
28 Madrid;Total;Enero;13.491
28 Madrid;Total;Febrero;19.046
28 Madrid;Total;Marzo;20.937
28 Madrid;Total;Abril;18.824
28 Madrid;Total;Mayo;23.439
28 Madrid;Total;Junio;26.649
28 Madrid;Total;Julio;27.169
28 Madrid;Total;Agosto;32.063
28 Madrid;Total;Septiembre;22.856
28 Madrid;Total;Octubre;23.769
28 Madrid;Total;Noviembre;22.597
28 Madrid;Total;Diciembre;24.526
28 Madrid;Residentes en España;Total;253.052
28 Madrid;Residentes en España;Enero;12.925
28 Madrid;Residentes en España;Febrero;18.274
28 Madrid;Residentes en España;Marzo;19.768
28 Madrid;Residentes en España;Abril;17.949
28 Madrid;Residentes en España;Mayo;21.103
28 Madrid;Residentes en España;Junio;24.798
28 Madrid;Residentes en España;Julio;25.133
28 Madrid;Residentes en España;Agosto;28.498
28 Madrid;Residentes en España;Septiembre;20.190
28 Madrid;Residentes en España;Octubre;20.606
28 Madrid;Residentes en España;Noviembre;20.727
28 Madrid;Residentes en España;Diciembre;23.081
28 Madrid;No residentes en España;Total;22.313
28 Madrid;No residentes en España;Enero;566
28 Madrid;No residentes en España;Febrero;773
28 Madrid;No residentes en España;Marzo;1.169
28 Madrid;No residentes en España;Abril;875
28 Madrid;No residentes en España;Mayo;2.336
28 Madrid;No residentes en España;Junio;1.850
28 Madrid;No residentes en España;Julio;2.036
28 Madrid;No residentes en España;Agosto;3.566
28 Madrid;No residentes en España;Septiembre;2.666
28 Madrid;No residentes en España;Octubre;3.163
28 Madrid;No residentes en España;Noviembre;1.869
28 Madrid;No residentes en España;Diciembre;1.445
29 Málaga;Total;Total;754.454
29 Málaga;Total;Enero;19.911
29 Málaga;Total;Febrero;19.475
29 Málaga;Total;Marzo;43.243
29 Málaga;Total;Abril;64.621
29 Málaga;Total;Mayo;68.215
29 Málaga;Total;Junio;74.185
29 Málaga;Total;Julio;107.943
29 Málaga;Total;Agosto;141.101
29 Málaga;Total;Septiembre;84.951
29 Málaga;Total;Octubre;69.386
29 Málaga;Total;Noviembre;32.918
29 Málaga;Total;Diciembre;28.503
29 Málaga;Residentes en España;Total;141.816
29 Málaga;Residentes en España;Enero;3.444
29 Málaga;Residentes en España;Febrero;3.662
29 Málaga;Residentes en España;Marzo;8.154
29 Málaga;Residentes en España;Abril;3.291
29 Málaga;Residentes en España;Mayo;8.461
29 Málaga;Residentes en España;Junio;11.985
29 Málaga;Residentes en España;Julio;19.122
29 Málaga;Residentes en España;Agosto;37.444
29 Málaga;Residentes en España;Septiembre;15.801
29 Málaga;Residentes en España;Octubre;9.799
29 Málaga;Residentes en España;Noviembre;7.227
29 Málaga;Residentes en España;Diciembre;13.426
29 Málaga;No residentes en España;Total;612.638
29 Málaga;No residentes en España;Enero;16.468
29 Málaga;No residentes en España;Febrero;15.813
29 Málaga;No residentes en España;Marzo;35.089
29 Málaga;No residentes en España;Abril;61.330
29 Málaga;No residentes en España;Mayo;59.754
29 Málaga;No residentes en España;Junio;62.200
29 Málaga;No residentes en España;Julio;88.821
29 Málaga;No residentes en España;Agosto;103.657
29 Málaga;No residentes en España;Septiembre;69.150
29 Málaga;No residentes en España;Octubre;59.587
29 Málaga;No residentes en España;Noviembre;25.691
29 Málaga;No residentes en España;Diciembre;15.078
30 Murcia;Total;Total;127.804
30 Murcia;Total;Enero;5.356
30 Murcia;Total;Febrero;6.510
30 Murcia;Total;Marzo;9.494
30 Murcia;Total;Abril;6.280
30 Murcia;Total;Mayo;7.464
30 Murcia;Total;Junio;8.725
30 Murcia;Total;Julio;18.150
30 Murcia;Total;Agosto;26.476
30 Murcia;Total;Septiembre;9.137
30 Murcia;Total;Octubre;8.432
30 Murcia;Total;Noviembre;9.375
30 Murcia;Total;Diciembre;12.402
30 Murcia;Residentes en España;Total;109.458
30 Murcia;Residentes en España;Enero;4.394
30 Murcia;Residentes en España;Febrero;5.672
30 Murcia;Residentes en España;Marzo;8.463
30 Murcia;Residentes en España;Abril;5.172
30 Murcia;Residentes en España;Mayo;5.289
30 Murcia;Residentes en España;Junio;7.731
30 Murcia;Residentes en España;Julio;15.360
30 Murcia;Residentes en España;Agosto;24.275
30 Murcia;Residentes en España;Septiembre;7.764
30 Murcia;Residentes en España;Octubre;6.129
30 Murcia;Residentes en España;Noviembre;8.136
30 Murcia;Residentes en España;Diciembre;11.072
30 Murcia;No residentes en España;Total;18.346
30 Murcia;No residentes en España;Enero;962
30 Murcia;No residentes en España;Febrero;838
30 Murcia;No residentes en España;Marzo;1.031
30 Murcia;No residentes en España;Abril;1.107
30 Murcia;No residentes en España;Mayo;2.175
30 Murcia;No residentes en España;Junio;994
30 Murcia;No residentes en España;Julio;2.791
30 Murcia;No residentes en España;Agosto;2.201
30 Murcia;No residentes en España;Septiembre;1.373
30 Murcia;No residentes en España;Octubre;2.303
30 Murcia;No residentes en España;Noviembre;1.240
30 Murcia;No residentes en España;Diciembre;1.330
31 Navarra;Total;Total;441.816
31 Navarra;Total;Enero;14.427
31 Navarra;Total;Febrero;12.383
31 Navarra;Total;Marzo;26.367
31 Navarra;Total;Abril;28.648
31 Navarra;Total;Mayo;34.574
31 Navarra;Total;Junio;29.980
31 Navarra;Total;Julio;67.410
31 Navarra;Total;Agosto;94.293
31 Navarra;Total;Septiembre;41.916
31 Navarra;Total;Octubre;32.136
31 Navarra;Total;Noviembre;26.863
31 Navarra;Total;Diciembre;32.817
31 Navarra;Residentes en España;Total;373.332
31 Navarra;Residentes en España;Enero;12.827
31 Navarra;Residentes en España;Febrero;11.687
31 Navarra;Residentes en España;Marzo;24.807
31 Navarra;Residentes en España;Abril;20.713
31 Navarra;Residentes en España;Mayo;21.359
31 Navarra;Residentes en España;Junio;23.355
31 Navarra;Residentes en España;Julio;53.297
31 Navarra;Residentes en España;Agosto;85.478
31 Navarra;Residentes en España;Septiembre;35.995
31 Navarra;Residentes en España;Octubre;28.478
31 Navarra;Residentes en España;Noviembre;24.313
31 Navarra;Residentes en España;Diciembre;31.023
31 Navarra;No residentes en España;Total;68.484
31 Navarra;No residentes en España;Enero;1.601
31 Navarra;No residentes en España;Febrero;696
31 Navarra;No residentes en España;Marzo;1.559
31 Navarra;No residentes en España;Abril;7.935
31 Navarra;No residentes en España;Mayo;13.216
31 Navarra;No residentes en España;Junio;6.625
31 Navarra;No residentes en España;Julio;14.113
31 Navarra;No residentes en España;Agosto;8.816
31 Navarra;No residentes en España;Septiembre;5.921
31 Navarra;No residentes en España;Octubre;3.658
31 Navarra;No residentes en España;Noviembre;2.550
31 Navarra;No residentes en España;Diciembre;1.794
32 Ourense;Total;Total;56.452
32 Ourense;Total;Enero;2.113
32 Ourense;Total;Febrero;2.385
32 Ourense;Total;Marzo;4.168
32 Ourense;Total;Abril;2.733
32 Ourense;Total;Mayo;4.384
32 Ourense;Total;Junio;4.086
32 Ourense;Total;Julio;7.434
32 Ourense;Total;Agosto;12.236
32 Ourense;Total;Septiembre;6.875
32 Ourense;Total;Octubre;4.460
32 Ourense;Total;Noviembre;2.696
32 Ourense;Total;Diciembre;2.881
32 Ourense;Residentes en España;Total;46.279
32 Ourense;Residentes en España;Enero;1.690
32 Ourense;Residentes en España;Febrero;1.959
32 Ourense;Residentes en España;Marzo;3.753
32 Ourense;Residentes en España;Abril;2.037
32 Ourense;Residentes en España;Mayo;3.374
32 Ourense;Residentes en España;Junio;3.211
32 Ourense;Residentes en España;Julio;6.071
32 Ourense;Residentes en España;Agosto;10.394
32 Ourense;Residentes en España;Septiembre;5.332
32 Ourense;Residentes en España;Octubre;3.653
32 Ourense;Residentes en España;Noviembre;2.317
32 Ourense;Residentes en España;Diciembre;2.489
32 Ourense;No residentes en España;Total;10.173
32 Ourense;No residentes en España;Enero;424
32 Ourense;No residentes en España;Febrero;426
32 Ourense;No residentes en España;Marzo;415
32 Ourense;No residentes en España;Abril;696
32 Ourense;No residentes en España;Mayo;1.010
32 Ourense;No residentes en España;Junio;875
32 Ourense;No residentes en España;Julio;1.362
32 Ourense;No residentes en España;Agosto;1.842
32 Ourense;No residentes en España;Septiembre;1.543
32 Ourense;No residentes en España;Octubre;807
32 Ourense;No residentes en España;Noviembre;379
32 Ourense;No residentes en España;Diciembre;392
34 Palencia;Total;Total;119.553
34 Palencia;Total;Enero;4.487
34 Palencia;Total;Febrero;4.828
34 Palencia;Total;Marzo;8.666
34 Palencia;Total;Abril;7.565
34 Palencia;Total;Mayo;8.907
34 Palencia;Total;Junio;9.154
34 Palencia;Total;Julio;16.389
34 Palencia;Total;Agosto;23.416
34 Palencia;Total;Septiembre;11.248
34 Palencia;Total;Octubre;10.684
34 Palencia;Total;Noviembre;7.607
34 Palencia;Total;Diciembre;6.602
34 Palencia;Residentes en España;Total;103.890
34 Palencia;Residentes en España;Enero;4.127
34 Palencia;Residentes en España;Febrero;4.275
34 Palencia;Residentes en España;Marzo;7.734
34 Palencia;Residentes en España;Abril;6.507
34 Palencia;Residentes en España;Mayo;6.997
34 Palencia;Residentes en España;Junio;7.140
34 Palencia;Residentes en España;Julio;13.963
34 Palencia;Residentes en España;Agosto;21.086
34 Palencia;Residentes en España;Septiembre;9.500
34 Palencia;Residentes en España;Octubre;9.346
34 Palencia;Residentes en España;Noviembre;7.078
34 Palencia;Residentes en España;Diciembre;6.137
34 Palencia;No residentes en España;Total;15.663
34 Palencia;No residentes en España;Enero;360
34 Palencia;No residentes en España;Febrero;553
34 Palencia;No residentes en España;Marzo;932
34 Palencia;No residentes en España;Abril;1.058
34 Palencia;No residentes en España;Mayo;1.909
34 Palencia;No residentes en España;Junio;2.014
34 Palencia;No residentes en España;Julio;2.427
34 Palencia;No residentes en España;Agosto;2.331
34 Palencia;No residentes en España;Septiembre;1.748
34 Palencia;No residentes en España;Octubre;1.337
34 Palencia;No residentes en España;Noviembre;529
34 Palencia;No residentes en España;Diciembre;465
35 Palmas, Las;Total;Total;100.201
35 Palmas, Las;Total;Enero;10.993
35 Palmas, Las;Total;Febrero;10.348
35 Palmas, Las;Total;Marzo;10.958
35 Palmas, Las;Total;Abril;8.954
35 Palmas, Las;Total;Mayo;7.279
35 Palmas, Las;Total;Junio;4.453
35 Palmas, Las;Total;Julio;7.183
35 Palmas, Las;Total;Agosto;7.503
35 Palmas, Las;Total;Septiembre;6.351
35 Palmas, Las;Total;Octubre;6.826
35 Palmas, Las;Total;Noviembre;10.815
35 Palmas, Las;Total;Diciembre;8.537
35 Palmas, Las;Residentes en España;Total;27.148
35 Palmas, Las;Residentes en España;Enero;1.549
35 Palmas, Las;Residentes en España;Febrero;1.233
35 Palmas, Las;Residentes en España;Marzo;2.274
35 Palmas, Las;Residentes en España;Abril;2.141
35 Palmas, Las;Residentes en España;Mayo;2.365
35 Palmas, Las;Residentes en España;Junio;2.108
35 Palmas, Las;Residentes en España;Julio;3.587
35 Palmas, Las;Residentes en España;Agosto;3.973
35 Palmas, Las;Residentes en España;Septiembre;2.482
35 Palmas, Las;Residentes en España;Octubre;2.217
35 Palmas, Las;Residentes en España;Noviembre;1.727
35 Palmas, Las;Residentes en España;Diciembre;1.491
35 Palmas, Las;No residentes en España;Total;73.053
35 Palmas, Las;No residentes en España;Enero;9.444
35 Palmas, Las;No residentes en España;Febrero;9.116
35 Palmas, Las;No residentes en España;Marzo;8.684
35 Palmas, Las;No residentes en España;Abril;6.813
35 Palmas, Las;No residentes en España;Mayo;4.914
35 Palmas, Las;No residentes en España;Junio;2.345
35 Palmas, Las;No residentes en España;Julio;3.596
35 Palmas, Las;No residentes en España;Agosto;3.530
35 Palmas, Las;No residentes en España;Septiembre;3.869
35 Palmas, Las;No residentes en España;Octubre;4.609
35 Palmas, Las;No residentes en España;Noviembre;9.088
35 Palmas, Las;No residentes en España;Diciembre;7.046
36 Pontevedra;Total;Total;97.562
36 Pontevedra;Total;Enero;1.178
36 Pontevedra;Total;Febrero;1.354
36 Pontevedra;Total;Marzo;3.503
36 Pontevedra;Total;Abril;5.070
36 Pontevedra;Total;Mayo;8.233
36 Pontevedra;Total;Junio;10.239
36 Pontevedra;Total;Julio;16.933
36 Pontevedra;Total;Agosto;28.605
36 Pontevedra;Total;Septiembre;11.196
36 Pontevedra;Total;Octubre;6.036
36 Pontevedra;Total;Noviembre;2.227
36 Pontevedra;Total;Diciembre;2.988
36 Pontevedra;Residentes en España;Total;74.359
36 Pontevedra;Residentes en España;Enero;1.019
36 Pontevedra;Residentes en España;Febrero;1.289
36 Pontevedra;Residentes en España;Marzo;3.121
36 Pontevedra;Residentes en España;Abril;2.876
36 Pontevedra;Residentes en España;Mayo;5.360
36 Pontevedra;Residentes en España;Junio;6.948
36 Pontevedra;Residentes en España;Julio;14.113
36 Pontevedra;Residentes en España;Agosto;24.108
36 Pontevedra;Residentes en España;Septiembre;7.555
36 Pontevedra;Residentes en España;Octubre;3.596
36 Pontevedra;Residentes en España;Noviembre;1.780
36 Pontevedra;Residentes en España;Diciembre;2.595
36 Pontevedra;No residentes en España;Total;23.203
36 Pontevedra;No residentes en España;Enero;159
36 Pontevedra;No residentes en España;Febrero;65
36 Pontevedra;No residentes en España;Marzo;381
36 Pontevedra;No residentes en España;Abril;2.194
36 Pontevedra;No residentes en España;Mayo;2.872
36 Pontevedra;No residentes en España;Junio;3.292
36 Pontevedra;No residentes en España;Julio;2.820
36 Pontevedra;No residentes en España;Agosto;4.497
36 Pontevedra;No residentes en España;Septiembre;3.641
36 Pontevedra;No residentes en España;Octubre;2.441
36 Pontevedra;No residentes en España;Noviembre;447
36 Pontevedra;No residentes en España;Diciembre;393
26 Rioja, La;Total;Total;80.365
26 Rioja, La;Total;Enero;1.906
26 Rioja, La;Total;Febrero;3.302
26 Rioja, La;Total;Marzo;7.158
26 Rioja, La;Total;Abril;5.368
26 Rioja, La;Total;Mayo;7.006
26 Rioja, La;Total;Junio;5.937
26 Rioja, La;Total;Julio;8.682
26 Rioja, La;Total;Agosto;14.329
26 Rioja, La;Total;Septiembre;7.286
26 Rioja, La;Total;Octubre;7.344
26 Rioja, La;Total;Noviembre;5.428
26 Rioja, La;Total;Diciembre;6.619
26 Rioja, La;Residentes en España;Total;62.877
26 Rioja, La;Residentes en España;Enero;1.432
26 Rioja, La;Residentes en España;Febrero;2.244
26 Rioja, La;Residentes en España;Marzo;6.303
26 Rioja, La;Residentes en España;Abril;4.196
26 Rioja, La;Residentes en España;Mayo;4.909
26 Rioja, La;Residentes en España;Junio;3.812
26 Rioja, La;Residentes en España;Julio;6.291
26 Rioja, La;Residentes en España;Agosto;11.637
26 Rioja, La;Residentes en España;Septiembre;5.006
26 Rioja, La;Residentes en España;Octubre;6.015
26 Rioja, La;Residentes en España;Noviembre;4.852
26 Rioja, La;Residentes en España;Diciembre;6.180
26 Rioja, La;No residentes en España;Total;17.488
26 Rioja, La;No residentes en España;Enero;474
26 Rioja, La;No residentes en España;Febrero;1.058
26 Rioja, La;No residentes en España;Marzo;855
26 Rioja, La;No residentes en España;Abril;1.171
26 Rioja, La;No residentes en España;Mayo;2.097
26 Rioja, La;No residentes en España;Junio;2.125
26 Rioja, La;No residentes en España;Julio;2.391
26 Rioja, La;No residentes en España;Agosto;2.692
26 Rioja, La;No residentes en España;Septiembre;2.280
26 Rioja, La;No residentes en España;Octubre;1.329
26 Rioja, La;No residentes en España;Noviembre;576
26 Rioja, La;No residentes en España;Diciembre;439
37 Salamanca;Total;Total;190.617
37 Salamanca;Total;Enero;6.673
37 Salamanca;Total;Febrero;9.101
37 Salamanca;Total;Marzo;17.151
37 Salamanca;Total;Abril;11.841
37 Salamanca;Total;Mayo;12.196
37 Salamanca;Total;Junio;13.053
37 Salamanca;Total;Julio;21.418
37 Salamanca;Total;Agosto;39.588
37 Salamanca;Total;Septiembre;14.733
37 Salamanca;Total;Octubre;12.951
37 Salamanca;Total;Noviembre;10.885
37 Salamanca;Total;Diciembre;21.026
37 Salamanca;Residentes en España;Total;169.650
37 Salamanca;Residentes en España;Enero;5.912
37 Salamanca;Residentes en España;Febrero;8.447
37 Salamanca;Residentes en España;Marzo;16.353
37 Salamanca;Residentes en España;Abril;10.083
37 Salamanca;Residentes en España;Mayo;10.814
37 Salamanca;Residentes en España;Junio;11.624
37 Salamanca;Residentes en España;Julio;18.702
37 Salamanca;Residentes en España;Agosto;34.792
37 Salamanca;Residentes en España;Septiembre;12.428
37 Salamanca;Residentes en España;Octubre;11.428
37 Salamanca;Residentes en España;Noviembre;9.521
37 Salamanca;Residentes en España;Diciembre;19.547
37 Salamanca;No residentes en España;Total;20.967
37 Salamanca;No residentes en España;Enero;762
37 Salamanca;No residentes en España;Febrero;653
37 Salamanca;No residentes en España;Marzo;798
37 Salamanca;No residentes en España;Abril;1.758
37 Salamanca;No residentes en España;Mayo;1.382
37 Salamanca;No residentes en España;Junio;1.430
37 Salamanca;No residentes en España;Julio;2.716
37 Salamanca;No residentes en España;Agosto;4.796
37 Salamanca;No residentes en España;Septiembre;2.305
37 Salamanca;No residentes en España;Octubre;1.524
37 Salamanca;No residentes en España;Noviembre;1.365
37 Salamanca;No residentes en España;Diciembre;1.479
38 Santa Cruz de Tenerife;Total;Total;297.831
38 Santa Cruz de Tenerife;Total;Enero;35.525
38 Santa Cruz de Tenerife;Total;Febrero;32.449
38 Santa Cruz de Tenerife;Total;Marzo;28.828
38 Santa Cruz de Tenerife;Total;Abril;22.244
38 Santa Cruz de Tenerife;Total;Mayo;17.105
38 Santa Cruz de Tenerife;Total;Junio;14.440
38 Santa Cruz de Tenerife;Total;Julio;18.748
38 Santa Cruz de Tenerife;Total;Agosto;24.246
38 Santa Cruz de Tenerife;Total;Septiembre;19.657
38 Santa Cruz de Tenerife;Total;Octubre;23.905
38 Santa Cruz de Tenerife;Total;Noviembre;31.994
38 Santa Cruz de Tenerife;Total;Diciembre;28.690
38 Santa Cruz de Tenerife;Residentes en España;Total;91.892
38 Santa Cruz de Tenerife;Residentes en España;Enero;7.598
38 Santa Cruz de Tenerife;Residentes en España;Febrero;7.910
38 Santa Cruz de Tenerife;Residentes en España;Marzo;6.214
38 Santa Cruz de Tenerife;Residentes en España;Abril;5.485
38 Santa Cruz de Tenerife;Residentes en España;Mayo;6.431
38 Santa Cruz de Tenerife;Residentes en España;Junio;6.646
38 Santa Cruz de Tenerife;Residentes en España;Julio;9.134
38 Santa Cruz de Tenerife;Residentes en España;Agosto;12.539
38 Santa Cruz de Tenerife;Residentes en España;Septiembre;8.861
38 Santa Cruz de Tenerife;Residentes en España;Octubre;7.069
38 Santa Cruz de Tenerife;Residentes en España;Noviembre;7.828
38 Santa Cruz de Tenerife;Residentes en España;Diciembre;6.176
38 Santa Cruz de Tenerife;No residentes en España;Total;205.939
38 Santa Cruz de Tenerife;No residentes en España;Enero;27.928
38 Santa Cruz de Tenerife;No residentes en España;Febrero;24.539
38 Santa Cruz de Tenerife;No residentes en España;Marzo;22.614
38 Santa Cruz de Tenerife;No residentes en España;Abril;16.759
38 Santa Cruz de Tenerife;No residentes en España;Mayo;10.674
38 Santa Cruz de Tenerife;No residentes en España;Junio;7.794
38 Santa Cruz de Tenerife;No residentes en España;Julio;9.614
38 Santa Cruz de Tenerife;No residentes en España;Agosto;11.707
38 Santa Cruz de Tenerife;No residentes en España;Septiembre;10.795
38 Santa Cruz de Tenerife;No residentes en España;Octubre;16.836
38 Santa Cruz de Tenerife;No residentes en España;Noviembre;24.166
38 Santa Cruz de Tenerife;No residentes en España;Diciembre;22.514
40 Segovia;Total;Total;255.584
40 Segovia;Total;Enero;12.242
40 Segovia;Total;Febrero;11.884
40 Segovia;Total;Marzo;24.187
40 Segovia;Total;Abril;19.025
40 Segovia;Total;Mayo;21.786
40 Segovia;Total;Junio;22.580
40 Segovia;Total;Julio;23.147
40 Segovia;Total;Agosto;27.832
40 Segovia;Total;Septiembre;20.843
40 Segovia;Total;Octubre;21.257
40 Segovia;Total;Noviembre;22.781
40 Segovia;Total;Diciembre;28.021
40 Segovia;Residentes en España;Total;235.648
40 Segovia;Residentes en España;Enero;11.372
40 Segovia;Residentes en España;Febrero;11.254
40 Segovia;Residentes en España;Marzo;22.481
40 Segovia;Residentes en España;Abril;17.220
40 Segovia;Residentes en España;Mayo;19.236
40 Segovia;Residentes en España;Junio;19.616
40 Segovia;Residentes en España;Julio;20.956
40 Segovia;Residentes en España;Agosto;25.491
40 Segovia;Residentes en España;Septiembre;19.009
40 Segovia;Residentes en España;Octubre;20.432
40 Segovia;Residentes en España;Noviembre;22.264
40 Segovia;Residentes en España;Diciembre;26.316
40 Segovia;No residentes en España;Total;19.936
40 Segovia;No residentes en España;Enero;870
40 Segovia;No residentes en España;Febrero;630
40 Segovia;No residentes en España;Marzo;1.706
40 Segovia;No residentes en España;Abril;1.805
40 Segovia;No residentes en España;Mayo;2.550
40 Segovia;No residentes en España;Junio;2.963
40 Segovia;No residentes en España;Julio;2.191
40 Segovia;No residentes en España;Agosto;2.341
40 Segovia;No residentes en España;Septiembre;1.834
40 Segovia;No residentes en España;Octubre;825
40 Segovia;No residentes en España;Noviembre;517
40 Segovia;No residentes en España;Diciembre;1.706
41 Sevilla;Total;Total;114.763
41 Sevilla;Total;Enero;4.294
41 Sevilla;Total;Febrero;5.899
41 Sevilla;Total;Marzo;8.667
41 Sevilla;Total;Abril;5.694
41 Sevilla;Total;Mayo;8.234
41 Sevilla;Total;Junio;7.478
41 Sevilla;Total;Julio;15.287
41 Sevilla;Total;Agosto;20.981
41 Sevilla;Total;Septiembre;10.575
41 Sevilla;Total;Octubre;7.964
41 Sevilla;Total;Noviembre;8.734
41 Sevilla;Total;Diciembre;10.956
41 Sevilla;Residentes en España;Total;90.423
41 Sevilla;Residentes en España;Enero;4.109
41 Sevilla;Residentes en España;Febrero;5.457
41 Sevilla;Residentes en España;Marzo;7.460
41 Sevilla;Residentes en España;Abril;3.832
41 Sevilla;Residentes en España;Mayo;4.813
41 Sevilla;Residentes en España;Junio;6.046
41 Sevilla;Residentes en España;Julio;11.090
41 Sevilla;Residentes en España;Agosto;15.280
41 Sevilla;Residentes en España;Septiembre;8.290
41 Sevilla;Residentes en España;Octubre;5.945
41 Sevilla;Residentes en España;Noviembre;7.411
41 Sevilla;Residentes en España;Diciembre;10.690
41 Sevilla;No residentes en España;Total;24.341
41 Sevilla;No residentes en España;Enero;185
41 Sevilla;No residentes en España;Febrero;442
41 Sevilla;No residentes en España;Marzo;1.207
41 Sevilla;No residentes en España;Abril;1.862
41 Sevilla;No residentes en España;Mayo;3.421
41 Sevilla;No residentes en España;Junio;1.432
41 Sevilla;No residentes en España;Julio;4.197
41 Sevilla;No residentes en España;Agosto;5.701
41 Sevilla;No residentes en España;Septiembre;2.286
41 Sevilla;No residentes en España;Octubre;2.020
41 Sevilla;No residentes en España;Noviembre;1.323
41 Sevilla;No residentes en España;Diciembre;266
42 Soria;Total;Total;217.795
42 Soria;Total;Enero;6.223
42 Soria;Total;Febrero;8.337
42 Soria;Total;Marzo;18.375
42 Soria;Total;Abril;13.336
42 Soria;Total;Mayo;13.743
42 Soria;Total;Junio;14.390
42 Soria;Total;Julio;25.074
42 Soria;Total;Agosto;44.927
42 Soria;Total;Septiembre;17.108
42 Soria;Total;Octubre;21.771
42 Soria;Total;Noviembre;17.365
42 Soria;Total;Diciembre;17.147
42 Soria;Residentes en España;Total;206.156
42 Soria;Residentes en España;Enero;6.072
42 Soria;Residentes en España;Febrero;7.727
42 Soria;Residentes en España;Marzo;17.697
42 Soria;Residentes en España;Abril;12.359
42 Soria;Residentes en España;Mayo;12.824
42 Soria;Residentes en España;Junio;13.506
42 Soria;Residentes en España;Julio;23.821
42 Soria;Residentes en España;Agosto;43.142
42 Soria;Residentes en España;Septiembre;15.653
42 Soria;Residentes en España;Octubre;20.514
42 Soria;Residentes en España;Noviembre;16.324
42 Soria;Residentes en España;Diciembre;16.518
42 Soria;No residentes en España;Total;11.638
42 Soria;No residentes en España;Enero;151
42 Soria;No residentes en España;Febrero;610
42 Soria;No residentes en España;Marzo;677
42 Soria;No residentes en España;Abril;977
42 Soria;No residentes en España;Mayo;919
42 Soria;No residentes en España;Junio;884
42 Soria;No residentes en España;Julio;1.254
42 Soria;No residentes en España;Agosto;1.785
42 Soria;No residentes en España;Septiembre;1.455
42 Soria;No residentes en España;Octubre;1.257
42 Soria;No residentes en España;Noviembre;1.041
42 Soria;No residentes en España;Diciembre;629
43 Tarragona;Total;Total;113.585
43 Tarragona;Total;Enero;3.956
43 Tarragona;Total;Febrero;6.472
43 Tarragona;Total;Marzo;9.558
43 Tarragona;Total;Abril;5.816
43 Tarragona;Total;Mayo;9.653
43 Tarragona;Total;Junio;9.765
43 Tarragona;Total;Julio;13.439
43 Tarragona;Total;Agosto;23.707
43 Tarragona;Total;Septiembre;8.204
43 Tarragona;Total;Octubre;8.094
43 Tarragona;Total;Noviembre;6.699
43 Tarragona;Total;Diciembre;8.222
43 Tarragona;Residentes en España;Total;88.063
43 Tarragona;Residentes en España;Enero;3.312
43 Tarragona;Residentes en España;Febrero;6.169
43 Tarragona;Residentes en España;Marzo;9.205
43 Tarragona;Residentes en España;Abril;4.880
43 Tarragona;Residentes en España;Mayo;8.566
43 Tarragona;Residentes en España;Junio;8.318
43 Tarragona;Residentes en España;Julio;8.775
43 Tarragona;Residentes en España;Agosto;14.558
43 Tarragona;Residentes en España;Septiembre;6.391
43 Tarragona;Residentes en España;Octubre;5.414
43 Tarragona;Residentes en España;Noviembre;4.985
43 Tarragona;Residentes en España;Diciembre;7.490
43 Tarragona;No residentes en España;Total;25.522
43 Tarragona;No residentes en España;Enero;644
43 Tarragona;No residentes en España;Febrero;304
43 Tarragona;No residentes en España;Marzo;352
43 Tarragona;No residentes en España;Abril;937
43 Tarragona;No residentes en España;Mayo;1.087
43 Tarragona;No residentes en España;Junio;1.446
43 Tarragona;No residentes en España;Julio;4.664
43 Tarragona;No residentes en España;Agosto;9.149
43 Tarragona;No residentes en España;Septiembre;1.812
43 Tarragona;No residentes en España;Octubre;2.680
43 Tarragona;No residentes en España;Noviembre;1.714
43 Tarragona;No residentes en España;Diciembre;732
44 Teruel;Total;Total;199.513
44 Teruel;Total;Enero;6.516
44 Teruel;Total;Febrero;10.635
44 Teruel;Total;Marzo;17.865
44 Teruel;Total;Abril;15.402
44 Teruel;Total;Mayo;13.710
44 Teruel;Total;Junio;15.915
44 Teruel;Total;Julio;21.519
44 Teruel;Total;Agosto;37.130
44 Teruel;Total;Septiembre;15.237
44 Teruel;Total;Octubre;16.422
44 Teruel;Total;Noviembre;10.451
44 Teruel;Total;Diciembre;18.712
44 Teruel;Residentes en España;Total;181.380
44 Teruel;Residentes en España;Enero;6.215
44 Teruel;Residentes en España;Febrero;10.140
44 Teruel;Residentes en España;Marzo;16.511
44 Teruel;Residentes en España;Abril;15.097
44 Teruel;Residentes en España;Mayo;13.075
44 Teruel;Residentes en España;Junio;15.145
44 Teruel;Residentes en España;Julio;19.271
44 Teruel;Residentes en España;Agosto;32.663
44 Teruel;Residentes en España;Septiembre;13.302
44 Teruel;Residentes en España;Octubre;14.927
44 Teruel;Residentes en España;Noviembre;8.501
44 Teruel;Residentes en España;Diciembre;16.533
44 Teruel;No residentes en España;Total;18.133
44 Teruel;No residentes en España;Enero;301
44 Teruel;No residentes en España;Febrero;496
44 Teruel;No residentes en España;Marzo;1.355
44 Teruel;No residentes en España;Abril;305
44 Teruel;No residentes en España;Mayo;635
44 Teruel;No residentes en España;Junio;769
44 Teruel;No residentes en España;Julio;2.248
44 Teruel;No residentes en España;Agosto;4.467
44 Teruel;No residentes en España;Septiembre;1.935
44 Teruel;No residentes en España;Octubre;1.494
44 Teruel;No residentes en España;Noviembre;1.950
44 Teruel;No residentes en España;Diciembre;2.178
45 Toledo;Total;Total;208.650
45 Toledo;Total;Enero;7.548
45 Toledo;Total;Febrero;8.500
45 Toledo;Total;Marzo;16.166
45 Toledo;Total;Abril;14.961
45 Toledo;Total;Mayo;18.320
45 Toledo;Total;Junio;22.896
45 Toledo;Total;Julio;23.191
45 Toledo;Total;Agosto;26.651
45 Toledo;Total;Septiembre;18.489
45 Toledo;Total;Octubre;16.736
45 Toledo;Total;Noviembre;15.456
45 Toledo;Total;Diciembre;19.737
45 Toledo;Residentes en España;Total;197.102
45 Toledo;Residentes en España;Enero;6.795
45 Toledo;Residentes en España;Febrero;7.830
45 Toledo;Residentes en España;Marzo;14.931
45 Toledo;Residentes en España;Abril;13.839
45 Toledo;Residentes en España;Mayo;17.101
45 Toledo;Residentes en España;Junio;22.392
45 Toledo;Residentes en España;Julio;22.266
45 Toledo;Residentes en España;Agosto;24.873
45 Toledo;Residentes en España;Septiembre;17.485
45 Toledo;Residentes en España;Octubre;15.525
45 Toledo;Residentes en España;Noviembre;14.756
45 Toledo;Residentes en España;Diciembre;19.309
45 Toledo;No residentes en España;Total;11.548
45 Toledo;No residentes en España;Enero;753
45 Toledo;No residentes en España;Febrero;669
45 Toledo;No residentes en España;Marzo;1.235
45 Toledo;No residentes en España;Abril;1.122
45 Toledo;No residentes en España;Mayo;1.219
45 Toledo;No residentes en España;Junio;504
45 Toledo;No residentes en España;Julio;925
45 Toledo;No residentes en España;Agosto;1.778
45 Toledo;No residentes en España;Septiembre;1.004
45 Toledo;No residentes en España;Octubre;1.211
45 Toledo;No residentes en España;Noviembre;700
45 Toledo;No residentes en España;Diciembre;428
46 Valencia/València;Total;Total;132.937
46 Valencia/València;Total;Enero;4.624
46 Valencia/València;Total;Febrero;6.684
46 Valencia/València;Total;Marzo;12.719
46 Valencia/València;Total;Abril;10.189
46 Valencia/València;Total;Mayo;10.795
46 Valencia/València;Total;Junio;10.459
46 Valencia/València;Total;Julio;13.656
46 Valencia/València;Total;Agosto;21.412
46 Valencia/València;Total;Septiembre;11.207
46 Valencia/València;Total;Octubre;9.407
46 Valencia/València;Total;Noviembre;8.997
46 Valencia/València;Total;Diciembre;12.788
46 Valencia/València;Residentes en España;Total;108.457
46 Valencia/València;Residentes en España;Enero;3.633
46 Valencia/València;Residentes en España;Febrero;5.994
46 Valencia/València;Residentes en España;Marzo;11.343
46 Valencia/València;Residentes en España;Abril;8.778
46 Valencia/València;Residentes en España;Mayo;9.327
46 Valencia/València;Residentes en España;Junio;9.678
46 Valencia/València;Residentes en España;Julio;10.650
46 Valencia/València;Residentes en España;Agosto;15.383
46 Valencia/València;Residentes en España;Septiembre;9.415
46 Valencia/València;Residentes en España;Octubre;7.465
46 Valencia/València;Residentes en España;Noviembre;6.824
46 Valencia/València;Residentes en España;Diciembre;9.968
46 Valencia/València;No residentes en España;Total;24.480
46 Valencia/València;No residentes en España;Enero;991
46 Valencia/València;No residentes en España;Febrero;689
46 Valencia/València;No residentes en España;Marzo;1.377
46 Valencia/València;No residentes en España;Abril;1.411
46 Valencia/València;No residentes en España;Mayo;1.468
46 Valencia/València;No residentes en España;Junio;781
46 Valencia/València;No residentes en España;Julio;3.007
46 Valencia/València;No residentes en España;Agosto;6.030
46 Valencia/València;No residentes en España;Septiembre;1.792
46 Valencia/València;No residentes en España;Octubre;1.941
46 Valencia/València;No residentes en España;Noviembre;2.174
46 Valencia/València;No residentes en España;Diciembre;2.820
47 Valladolid;Total;Total;89.844
47 Valladolid;Total;Enero;3.628
47 Valladolid;Total;Febrero;3.481
47 Valladolid;Total;Marzo;6.768
47 Valladolid;Total;Abril;5.896
47 Valladolid;Total;Mayo;8.260
47 Valladolid;Total;Junio;7.435
47 Valladolid;Total;Julio;9.417
47 Valladolid;Total;Agosto;14.187
47 Valladolid;Total;Septiembre;8.920
47 Valladolid;Total;Octubre;7.857
47 Valladolid;Total;Noviembre;6.597
47 Valladolid;Total;Diciembre;7.399
47 Valladolid;Residentes en España;Total;81.102
47 Valladolid;Residentes en España;Enero;2.903
47 Valladolid;Residentes en España;Febrero;3.322
47 Valladolid;Residentes en España;Marzo;5.811
47 Valladolid;Residentes en España;Abril;5.256
47 Valladolid;Residentes en España;Mayo;7.668
47 Valladolid;Residentes en España;Junio;6.809
47 Valladolid;Residentes en España;Julio;8.224
47 Valladolid;Residentes en España;Agosto;12.515
47 Valladolid;Residentes en España;Septiembre;7.996
47 Valladolid;Residentes en España;Octubre;7.085
47 Valladolid;Residentes en España;Noviembre;6.291
47 Valladolid;Residentes en España;Diciembre;7.222
47 Valladolid;No residentes en España;Total;8.742
47 Valladolid;No residentes en España;Enero;725
47 Valladolid;No residentes en España;Febrero;159
47 Valladolid;No residentes en España;Marzo;957
47 Valladolid;No residentes en España;Abril;641
47 Valladolid;No residentes en España;Mayo;592
47 Valladolid;No residentes en España;Junio;625
47 Valladolid;No residentes en España;Julio;1.192
47 Valladolid;No residentes en España;Agosto;1.672
47 Valladolid;No residentes en España;Septiembre;924
47 Valladolid;No residentes en España;Octubre;773
47 Valladolid;No residentes en España;Noviembre;306
47 Valladolid;No residentes en España;Diciembre;177
49 Zamora;Total;Total;139.587
49 Zamora;Total;Enero;6.368
49 Zamora;Total;Febrero;6.849
49 Zamora;Total;Marzo;12.491
49 Zamora;Total;Abril;7.695
49 Zamora;Total;Mayo;8.891
49 Zamora;Total;Junio;9.853
49 Zamora;Total;Julio;17.110
49 Zamora;Total;Agosto;27.844
49 Zamora;Total;Septiembre;12.211
49 Zamora;Total;Octubre;10.660
49 Zamora;Total;Noviembre;9.938
49 Zamora;Total;Diciembre;9.676
49 Zamora;Residentes en España;Total;122.641
49 Zamora;Residentes en España;Enero;5.782
49 Zamora;Residentes en España;Febrero;6.484
49 Zamora;Residentes en España;Marzo;11.023
49 Zamora;Residentes en España;Abril;7.299
49 Zamora;Residentes en España;Mayo;7.568
49 Zamora;Residentes en España;Junio;8.461
49 Zamora;Residentes en España;Julio;14.874
49 Zamora;Residentes en España;Agosto;23.978
49 Zamora;Residentes en España;Septiembre;9.648
49 Zamora;Residentes en España;Octubre;10.103
49 Zamora;Residentes en España;Noviembre;8.200
49 Zamora;Residentes en España;Diciembre;9.221
49 Zamora;No residentes en España;Total;16.946
49 Zamora;No residentes en España;Enero;586
49 Zamora;No residentes en España;Febrero;365
49 Zamora;No residentes en España;Marzo;1.468
49 Zamora;No residentes en España;Abril;397
49 Zamora;No residentes en España;Mayo;1.323
49 Zamora;No residentes en España;Junio;1.392
49 Zamora;No residentes en España;Julio;2.236
49 Zamora;No residentes en España;Agosto;3.866
49 Zamora;No residentes en España;Septiembre;2.563
49 Zamora;No residentes en España;Octubre;557
49 Zamora;No residentes en España;Noviembre;1.738
49 Zamora;No residentes en España;Diciembre;455
50 Zaragoza;Total;Total;122.279
50 Zaragoza;Total;Enero;6.192
50 Zaragoza;Total;Febrero;7.244
50 Zaragoza;Total;Marzo;11.592
50 Zaragoza;Total;Abril;9.365
50 Zaragoza;Total;Mayo;11.464
50 Zaragoza;Total;Junio;10.027
50 Zaragoza;Total;Julio;11.909
50 Zaragoza;Total;Agosto;16.915
50 Zaragoza;Total;Septiembre;10.260
50 Zaragoza;Total;Octubre;9.825
50 Zaragoza;Total;Noviembre;9.145
50 Zaragoza;Total;Diciembre;8.341
50 Zaragoza;Residentes en España;Total;105.176
50 Zaragoza;Residentes en España;Enero;5.680
50 Zaragoza;Residentes en España;Febrero;6.363
50 Zaragoza;Residentes en España;Marzo;10.618
50 Zaragoza;Residentes en España;Abril;7.938
50 Zaragoza;Residentes en España;Mayo;9.236
50 Zaragoza;Residentes en España;Junio;8.701
50 Zaragoza;Residentes en España;Julio;9.623
50 Zaragoza;Residentes en España;Agosto;14.149
50 Zaragoza;Residentes en España;Septiembre;8.547
50 Zaragoza;Residentes en España;Octubre;8.661
50 Zaragoza;Residentes en España;Noviembre;7.915
50 Zaragoza;Residentes en España;Diciembre;7.745
50 Zaragoza;No residentes en España;Total;17.102
50 Zaragoza;No residentes en España;Enero;512
50 Zaragoza;No residentes en España;Febrero;881
50 Zaragoza;No residentes en España;Marzo;974
50 Zaragoza;No residentes en España;Abril;1.427
50 Zaragoza;No residentes en España;Mayo;2.228
50 Zaragoza;No residentes en España;Junio;1.326
50 Zaragoza;No residentes en España;Julio;2.285
50 Zaragoza;No residentes en España;Agosto;2.766
50 Zaragoza;No residentes en España;Septiembre;1.713
50 Zaragoza;No residentes en España;Octubre;1.164
50 Zaragoza;No residentes en España;Noviembre;1.230
50 Zaragoza;No residentes en España;Diciembre;596
